,color_space,spatial_feat,spatial_size,hist_feat,hist_bins,hog_feat,orient,pix_per_cell,cell_per_block,hog_channel,clf_name,train_time,accuracy
0,RGB,False,"(16, 16)",False,16,True,9,8,2,0,nb,0.23,0.8657
1,RGB,False,"(16, 16)",False,16,True,9,8,2,0,SVC_10_rbf,64.86,0.9901
2,RGB,False,"(16, 16)",False,16,True,9,8,2,0,SVC_1_rbf,61.2,0.9887
3,RGB,False,"(16, 16)",False,16,True,9,8,2,0,SVC_10_linear,57.95,0.9465
4,RGB,False,"(16, 16)",False,16,True,9,8,2,0,SVC_1_linear,57.89,0.9465
5,RGB,False,"(16, 16)",False,16,True,9,8,2,0,dt,40.52,0.8744
6,RGB,False,"(16, 16)",False,16,True,9,8,2,1,nb,0.24,0.8539
7,RGB,False,"(16, 16)",False,16,True,9,8,2,1,SVC_10_rbf,60.8,0.9941
8,RGB,False,"(16, 16)",False,16,True,9,8,2,1,SVC_1_rbf,58.81,0.9924
9,RGB,False,"(16, 16)",False,16,True,9,8,2,1,SVC_10_linear,54.74,0.9479
10,RGB,False,"(16, 16)",False,16,True,9,8,2,1,SVC_1_linear,54.49,0.9479
11,RGB,False,"(16, 16)",False,16,True,9,8,2,1,dt,35.84,0.8941
12,RGB,False,"(16, 16)",False,16,True,9,8,2,2,nb,0.23,0.8468
13,RGB,False,"(16, 16)",False,16,True,9,8,2,2,SVC_10_rbf,59.85,0.9916
14,RGB,False,"(16, 16)",False,16,True,9,8,2,2,SVC_1_rbf,58.59,0.9904
15,RGB,False,"(16, 16)",False,16,True,9,8,2,2,SVC_10_linear,50.4,0.9426
16,RGB,False,"(16, 16)",False,16,True,9,8,2,2,SVC_1_linear,50.61,0.9426
17,RGB,False,"(16, 16)",False,16,True,9,8,2,2,dt,31.17,0.8798
18,RGB,False,"(16, 16)",False,16,True,9,8,2,ALL,nb,0.73,0.8643
19,RGB,False,"(16, 16)",False,16,True,9,8,2,ALL,SVC_10_rbf,175.96,0.9927
20,RGB,False,"(16, 16)",False,16,True,9,8,2,ALL,SVC_1_rbf,172.15,0.9913
21,RGB,False,"(16, 16)",False,16,True,9,8,2,ALL,SVC_10_linear,97.45,0.9724
22,RGB,False,"(16, 16)",False,16,True,9,8,2,ALL,SVC_1_linear,97.47,0.9724
23,RGB,False,"(16, 16)",False,16,True,9,8,2,ALL,dt,119.02,0.8958
24,RGB,False,"(16, 16)",False,16,True,9,16,2,0,nb,0.04,0.9032
25,RGB,False,"(16, 16)",False,16,True,9,16,2,0,SVC_10_rbf,8.7,0.9907
26,RGB,False,"(16, 16)",False,16,True,9,16,2,0,SVC_1_rbf,8.8,0.9876
27,RGB,False,"(16, 16)",False,16,True,9,16,2,0,SVC_10_linear,222.14,0.9659
28,RGB,False,"(16, 16)",False,16,True,9,16,2,0,SVC_1_linear,34.91,0.9665
29,RGB,False,"(16, 16)",False,16,True,9,16,2,0,dt,6.76,0.9077
30,RGB,False,"(16, 16)",False,16,True,9,16,2,1,nb,0.04,0.8933
31,RGB,False,"(16, 16)",False,16,True,9,16,2,1,SVC_10_rbf,7.98,0.9938
32,RGB,False,"(16, 16)",False,16,True,9,16,2,1,SVC_1_rbf,8.53,0.9918
33,RGB,False,"(16, 16)",False,16,True,9,16,2,1,SVC_10_linear,253.11,0.9637
34,RGB,False,"(16, 16)",False,16,True,9,16,2,1,SVC_1_linear,36.61,0.964
35,RGB,False,"(16, 16)",False,16,True,9,16,2,1,dt,5.89,0.9189
36,RGB,False,"(16, 16)",False,16,True,9,16,2,2,nb,0.04,0.8961
37,RGB,False,"(16, 16)",False,16,True,9,16,2,2,SVC_10_rbf,7.53,0.993
38,RGB,False,"(16, 16)",False,16,True,9,16,2,2,SVC_1_rbf,8.1,0.9918
39,RGB,False,"(16, 16)",False,16,True,9,16,2,2,SVC_10_linear,188.2,0.9676
40,RGB,False,"(16, 16)",False,16,True,9,16,2,2,SVC_1_linear,28.86,0.9673
41,RGB,False,"(16, 16)",False,16,True,9,16,2,2,dt,6.8,0.9136
42,RGB,False,"(16, 16)",False,16,True,9,16,2,ALL,nb,0.12,0.902
43,RGB,False,"(16, 16)",False,16,True,9,16,2,ALL,SVC_10_rbf,20.51,0.9952
44,RGB,False,"(16, 16)",False,16,True,9,16,2,ALL,SVC_1_rbf,20.58,0.9935
45,RGB,False,"(16, 16)",False,16,True,9,16,2,ALL,SVC_10_linear,19.9,0.9704
46,RGB,False,"(16, 16)",False,16,True,9,16,2,ALL,SVC_1_linear,19.82,0.9741
47,RGB,False,"(16, 16)",False,16,True,9,16,2,ALL,dt,18.31,0.92
48,RGB,False,"(16, 16)",True,16,False,9,8,2,0,nb,0.01,0.8353
49,RGB,False,"(16, 16)",True,16,False,9,8,2,0,SVC_10_rbf,1.52,0.9823
50,RGB,False,"(16, 16)",True,16,False,9,8,2,0,SVC_1_rbf,2.08,0.9721
51,RGB,False,"(16, 16)",True,16,False,9,8,2,0,SVC_10_linear,36.92,0.9037
52,RGB,False,"(16, 16)",True,16,False,9,8,2,0,SVC_1_linear,7.22,0.9037
53,RGB,False,"(16, 16)",True,16,False,9,8,2,0,dt,0.54,0.9513
54,RGB,False,"(16, 16)",True,16,False,9,8,2,1,nb,0.01,0.8314
55,RGB,False,"(16, 16)",True,16,False,9,8,2,1,SVC_10_rbf,1.42,0.9744
56,RGB,False,"(16, 16)",True,16,False,9,8,2,1,SVC_1_rbf,2.02,0.9637
57,RGB,False,"(16, 16)",True,16,False,9,8,2,1,SVC_10_linear,35.22,0.8832
58,RGB,False,"(16, 16)",True,16,False,9,8,2,1,SVC_1_linear,7.94,0.8832
59,RGB,False,"(16, 16)",True,16,False,9,8,2,1,dt,0.42,0.9507
60,RGB,False,"(16, 16)",True,16,False,9,8,2,2,nb,0.01,0.8339
61,RGB,False,"(16, 16)",True,16,False,9,8,2,2,SVC_10_rbf,1.49,0.9794
62,RGB,False,"(16, 16)",True,16,False,9,8,2,2,SVC_1_rbf,2.08,0.971
63,RGB,False,"(16, 16)",True,16,False,9,8,2,2,SVC_10_linear,34.44,0.8896
64,RGB,False,"(16, 16)",True,16,False,9,8,2,2,SVC_1_linear,8.51,0.8882
65,RGB,False,"(16, 16)",True,16,False,9,8,2,2,dt,0.42,0.9527
66,RGB,False,"(16, 16)",True,16,False,9,8,2,ALL,nb,0.01,0.828
67,RGB,False,"(16, 16)",True,16,False,9,8,2,ALL,SVC_10_rbf,1.47,0.9775
68,RGB,False,"(16, 16)",True,16,False,9,8,2,ALL,SVC_1_rbf,2.07,0.9682
69,RGB,False,"(16, 16)",True,16,False,9,8,2,ALL,SVC_10_linear,36.12,0.8944
70,RGB,False,"(16, 16)",True,16,False,9,8,2,ALL,SVC_1_linear,7.49,0.8941
71,RGB,False,"(16, 16)",True,16,False,9,8,2,ALL,dt,0.41,0.9519
72,RGB,False,"(16, 16)",True,16,False,9,16,2,0,nb,0.01,0.8364
73,RGB,False,"(16, 16)",True,16,False,9,16,2,0,SVC_10_rbf,1.7,0.9803
74,RGB,False,"(16, 16)",True,16,False,9,16,2,0,SVC_1_rbf,2.08,0.9685
75,RGB,False,"(16, 16)",True,16,False,9,16,2,0,SVC_10_linear,34.11,0.9023
76,RGB,False,"(16, 16)",True,16,False,9,16,2,0,SVC_1_linear,7.96,0.9023
77,RGB,False,"(16, 16)",True,16,False,9,16,2,0,dt,0.55,0.9535
78,RGB,False,"(16, 16)",True,16,False,9,16,2,1,nb,0.01,0.819
79,RGB,False,"(16, 16)",True,16,False,9,16,2,1,SVC_10_rbf,1.5,0.9794
80,RGB,False,"(16, 16)",True,16,False,9,16,2,1,SVC_1_rbf,2.06,0.9696
81,RGB,False,"(16, 16)",True,16,False,9,16,2,1,SVC_10_linear,34.34,0.8927
82,RGB,False,"(16, 16)",True,16,False,9,16,2,1,SVC_1_linear,7.28,0.8925
83,RGB,False,"(16, 16)",True,16,False,9,16,2,1,dt,0.39,0.9538
84,RGB,False,"(16, 16)",True,16,False,9,16,2,2,nb,0.01,0.8297
85,RGB,False,"(16, 16)",True,16,False,9,16,2,2,SVC_10_rbf,1.5,0.982
86,RGB,False,"(16, 16)",True,16,False,9,16,2,2,SVC_1_rbf,2.08,0.9673
87,RGB,False,"(16, 16)",True,16,False,9,16,2,2,SVC_10_linear,33.61,0.8925
88,RGB,False,"(16, 16)",True,16,False,9,16,2,2,SVC_1_linear,8.29,0.8925
89,RGB,False,"(16, 16)",True,16,False,9,16,2,2,dt,0.42,0.9544
90,RGB,False,"(16, 16)",True,16,False,9,16,2,ALL,nb,0.01,0.8266
91,RGB,False,"(16, 16)",True,16,False,9,16,2,ALL,SVC_10_rbf,1.47,0.9794
92,RGB,False,"(16, 16)",True,16,False,9,16,2,ALL,SVC_1_rbf,2.07,0.9685
93,RGB,False,"(16, 16)",True,16,False,9,16,2,ALL,SVC_10_linear,35.23,0.8941
94,RGB,False,"(16, 16)",True,16,False,9,16,2,ALL,SVC_1_linear,7.96,0.8936
95,RGB,False,"(16, 16)",True,16,False,9,16,2,ALL,dt,0.41,0.9513
96,RGB,False,"(16, 16)",True,16,True,9,8,2,0,nb,0.23,0.8885
97,RGB,False,"(16, 16)",True,16,True,9,8,2,0,SVC_10_rbf,60.16,0.9916
98,RGB,False,"(16, 16)",True,16,True,9,8,2,0,SVC_1_rbf,60.06,0.9904
99,RGB,False,"(16, 16)",True,16,True,9,8,2,0,SVC_10_linear,34.31,0.9671
100,RGB,False,"(16, 16)",True,16,True,9,8,2,0,SVC_1_linear,34.31,0.9671
101,RGB,False,"(16, 16)",True,16,True,9,8,2,0,dt,46.13,0.9392
102,RGB,False,"(16, 16)",True,16,True,9,8,2,1,nb,0.24,0.8863
103,RGB,False,"(16, 16)",True,16,True,9,8,2,1,SVC_10_rbf,59.6,0.9963
104,RGB,False,"(16, 16)",True,16,True,9,8,2,1,SVC_1_rbf,58.29,0.9958
105,RGB,False,"(16, 16)",True,16,True,9,8,2,1,SVC_10_linear,32.87,0.9741
106,RGB,False,"(16, 16)",True,16,True,9,8,2,1,SVC_1_linear,32.88,0.9741
107,RGB,False,"(16, 16)",True,16,True,9,8,2,1,dt,57.13,0.9389
108,RGB,False,"(16, 16)",True,16,True,9,8,2,2,nb,0.24,0.8818
109,RGB,False,"(16, 16)",True,16,True,9,8,2,2,SVC_10_rbf,57.64,0.9949
110,RGB,False,"(16, 16)",True,16,True,9,8,2,2,SVC_1_rbf,56.6,0.9941
111,RGB,False,"(16, 16)",True,16,True,9,8,2,2,SVC_10_linear,31.42,0.9657
112,RGB,False,"(16, 16)",True,16,True,9,8,2,2,SVC_1_linear,31.23,0.9657
113,RGB,False,"(16, 16)",True,16,True,9,8,2,2,dt,54.72,0.9302
114,RGB,False,"(16, 16)",True,16,True,9,8,2,ALL,nb,0.73,0.873
115,RGB,False,"(16, 16)",True,16,True,9,8,2,ALL,SVC_10_rbf,175.16,0.9947
116,RGB,False,"(16, 16)",True,16,True,9,8,2,ALL,SVC_1_rbf,172.13,0.993
117,RGB,False,"(16, 16)",True,16,True,9,8,2,ALL,SVC_10_linear,90.72,0.9764
118,RGB,False,"(16, 16)",True,16,True,9,8,2,ALL,SVC_1_linear,90.56,0.9764
119,RGB,False,"(16, 16)",True,16,True,9,8,2,ALL,dt,175.78,0.9403
120,RGB,False,"(16, 16)",True,16,True,9,16,2,0,nb,0.05,0.9206
121,RGB,False,"(16, 16)",True,16,True,9,16,2,0,SVC_10_rbf,7.54,0.9949
122,RGB,False,"(16, 16)",True,16,True,9,16,2,0,SVC_1_rbf,7.76,0.9932
123,RGB,False,"(16, 16)",True,16,True,9,16,2,0,SVC_10_linear,51.81,0.9814
124,RGB,False,"(16, 16)",True,16,True,9,16,2,0,SVC_1_linear,14.43,0.9837
125,RGB,False,"(16, 16)",True,16,True,9,16,2,0,dt,8.24,0.9502
126,RGB,False,"(16, 16)",True,16,True,9,16,2,1,nb,0.05,0.9175
127,RGB,False,"(16, 16)",True,16,True,9,16,2,1,SVC_10_rbf,7.48,0.9977
128,RGB,False,"(16, 16)",True,16,True,9,16,2,1,SVC_1_rbf,7.67,0.9955
129,RGB,False,"(16, 16)",True,16,True,9,16,2,1,SVC_10_linear,46.62,0.9778
130,RGB,False,"(16, 16)",True,16,True,9,16,2,1,SVC_1_linear,12.9,0.9803
131,RGB,False,"(16, 16)",True,16,True,9,16,2,1,dt,6.97,0.9564
132,RGB,False,"(16, 16)",True,16,True,9,16,2,2,nb,0.05,0.9164
133,RGB,False,"(16, 16)",True,16,True,9,16,2,2,SVC_10_rbf,7.23,0.9955
134,RGB,False,"(16, 16)",True,16,True,9,16,2,2,SVC_1_rbf,7.37,0.9958
135,RGB,False,"(16, 16)",True,16,True,9,16,2,2,SVC_10_linear,48.3,0.9758
136,RGB,False,"(16, 16)",True,16,True,9,16,2,2,SVC_1_linear,10.87,0.978
137,RGB,False,"(16, 16)",True,16,True,9,16,2,2,dt,7.09,0.9482
138,RGB,False,"(16, 16)",True,16,True,9,16,2,ALL,nb,0.14,0.9119
139,RGB,False,"(16, 16)",True,16,True,9,16,2,ALL,SVC_10_rbf,19.35,0.9958
140,RGB,False,"(16, 16)",True,16,True,9,16,2,ALL,SVC_1_rbf,19.41,0.9935
141,RGB,False,"(16, 16)",True,16,True,9,16,2,ALL,SVC_10_linear,13.27,0.9775
142,RGB,False,"(16, 16)",True,16,True,9,16,2,ALL,SVC_1_linear,13.3,0.9775
143,RGB,False,"(16, 16)",True,16,True,9,16,2,ALL,dt,23.29,0.9412
144,RGB,True,"(16, 16)",False,16,False,9,8,2,0,nb,0.1,0.7903
145,RGB,True,"(16, 16)",False,16,False,9,8,2,0,SVC_10_rbf,21.44,0.9848
146,RGB,True,"(16, 16)",False,16,False,9,8,2,0,SVC_1_rbf,29.69,0.9786
147,RGB,True,"(16, 16)",False,16,False,9,8,2,0,SVC_10_linear,773.55,0.9285
148,RGB,True,"(16, 16)",False,16,False,9,8,2,0,SVC_1_linear,94.79,0.9313
149,RGB,True,"(16, 16)",False,16,False,9,8,2,0,dt,8.88,0.9048
150,RGB,True,"(16, 16)",False,16,False,9,8,2,1,nb,0.1,0.7832
151,RGB,True,"(16, 16)",False,16,False,9,8,2,1,SVC_10_rbf,21.87,0.9834
152,RGB,True,"(16, 16)",False,16,False,9,8,2,1,SVC_1_rbf,29.17,0.9792
153,RGB,True,"(16, 16)",False,16,False,9,8,2,1,SVC_10_linear,760.21,0.92
154,RGB,True,"(16, 16)",False,16,False,9,8,2,1,SVC_1_linear,110.3,0.9276
155,RGB,True,"(16, 16)",False,16,False,9,8,2,1,dt,8.97,0.9161
156,RGB,True,"(16, 16)",False,16,False,9,8,2,2,nb,0.1,0.7818
157,RGB,True,"(16, 16)",False,16,False,9,8,2,2,SVC_10_rbf,21.52,0.9825
158,RGB,True,"(16, 16)",False,16,False,9,8,2,2,SVC_1_rbf,29.19,0.9758
159,RGB,True,"(16, 16)",False,16,False,9,8,2,2,SVC_10_linear,976.62,0.9293
160,RGB,True,"(16, 16)",False,16,False,9,8,2,2,SVC_1_linear,98.99,0.9282
161,RGB,True,"(16, 16)",False,16,False,9,8,2,2,dt,9.08,0.9108
162,RGB,True,"(16, 16)",False,16,False,9,8,2,ALL,nb,0.11,0.7866
163,RGB,True,"(16, 16)",False,16,False,9,8,2,ALL,SVC_10_rbf,21.83,0.9842
164,RGB,True,"(16, 16)",False,16,False,9,8,2,ALL,SVC_1_rbf,29.05,0.973
165,RGB,True,"(16, 16)",False,16,False,9,8,2,ALL,SVC_10_linear,979.44,0.9237
166,RGB,True,"(16, 16)",False,16,False,9,8,2,ALL,SVC_1_linear,103.29,0.9296
167,RGB,True,"(16, 16)",False,16,False,9,8,2,ALL,dt,8.76,0.9023
168,RGB,True,"(16, 16)",False,16,False,9,16,2,0,nb,0.1,0.7838
169,RGB,True,"(16, 16)",False,16,False,9,16,2,0,SVC_10_rbf,21.3,0.98
170,RGB,True,"(16, 16)",False,16,False,9,16,2,0,SVC_1_rbf,28.82,0.9733
171,RGB,True,"(16, 16)",False,16,False,9,16,2,0,SVC_10_linear,901.17,0.9296
172,RGB,True,"(16, 16)",False,16,False,9,16,2,0,SVC_1_linear,111.45,0.9305
173,RGB,True,"(16, 16)",False,16,False,9,16,2,0,dt,8.65,0.913
174,RGB,True,"(16, 16)",False,16,False,9,16,2,1,nb,0.1,0.7903
175,RGB,True,"(16, 16)",False,16,False,9,16,2,1,SVC_10_rbf,22.01,0.9834
176,RGB,True,"(16, 16)",False,16,False,9,16,2,1,SVC_1_rbf,29.51,0.9789
177,RGB,True,"(16, 16)",False,16,False,9,16,2,1,SVC_10_linear,887.23,0.9254
178,RGB,True,"(16, 16)",False,16,False,9,16,2,1,SVC_1_linear,106.99,0.9305
179,RGB,True,"(16, 16)",False,16,False,9,16,2,1,dt,9.04,0.9088
180,RGB,True,"(16, 16)",False,16,False,9,16,2,2,nb,0.1,0.7728
181,RGB,True,"(16, 16)",False,16,False,9,16,2,2,SVC_10_rbf,21.86,0.982
182,RGB,True,"(16, 16)",False,16,False,9,16,2,2,SVC_1_rbf,28.9,0.9766
183,RGB,True,"(16, 16)",False,16,False,9,16,2,2,SVC_10_linear,913.6,0.9209
184,RGB,True,"(16, 16)",False,16,False,9,16,2,2,SVC_1_linear,87.18,0.9226
185,RGB,True,"(16, 16)",False,16,False,9,16,2,2,dt,8.47,0.9116
186,RGB,True,"(16, 16)",False,16,False,9,16,2,ALL,nb,0.11,0.77
187,RGB,True,"(16, 16)",False,16,False,9,16,2,ALL,SVC_10_rbf,21.59,0.984
188,RGB,True,"(16, 16)",False,16,False,9,16,2,ALL,SVC_1_rbf,29.18,0.9758
189,RGB,True,"(16, 16)",False,16,False,9,16,2,ALL,SVC_10_linear,917.27,0.9282
190,RGB,True,"(16, 16)",False,16,False,9,16,2,ALL,SVC_1_linear,106.62,0.9293
191,RGB,True,"(16, 16)",False,16,False,9,16,2,ALL,dt,8.98,0.9077
192,RGB,True,"(16, 16)",False,16,True,9,8,2,0,nb,0.35,0.8871
193,RGB,True,"(16, 16)",False,16,True,9,8,2,0,SVC_10_rbf,82.04,0.9955
194,RGB,True,"(16, 16)",False,16,True,9,8,2,0,SVC_1_rbf,81.44,0.9947
195,RGB,True,"(16, 16)",False,16,True,9,8,2,0,SVC_10_linear,41.98,0.9761
196,RGB,True,"(16, 16)",False,16,True,9,8,2,0,SVC_1_linear,41.96,0.9761
197,RGB,True,"(16, 16)",False,16,True,9,8,2,0,dt,59.53,0.9077
198,RGB,True,"(16, 16)",False,16,True,9,8,2,1,nb,0.35,0.8888
199,RGB,True,"(16, 16)",False,16,True,9,8,2,1,SVC_10_rbf,76.68,0.9969
200,RGB,True,"(16, 16)",False,16,True,9,8,2,1,SVC_1_rbf,77.24,0.9963
201,RGB,True,"(16, 16)",False,16,True,9,8,2,1,SVC_10_linear,40.49,0.9752
202,RGB,True,"(16, 16)",False,16,True,9,8,2,1,SVC_1_linear,40.21,0.9752
203,RGB,True,"(16, 16)",False,16,True,9,8,2,1,dt,54.4,0.9251
204,RGB,True,"(16, 16)",False,16,True,9,8,2,2,nb,0.36,0.8871
205,RGB,True,"(16, 16)",False,16,True,9,8,2,2,SVC_10_rbf,79.25,0.9963
206,RGB,True,"(16, 16)",False,16,True,9,8,2,2,SVC_1_rbf,79.14,0.9963
207,RGB,True,"(16, 16)",False,16,True,9,8,2,2,SVC_10_linear,40.49,0.9733
208,RGB,True,"(16, 16)",False,16,True,9,8,2,2,SVC_1_linear,40.63,0.9733
209,RGB,True,"(16, 16)",False,16,True,9,8,2,2,dt,65.03,0.9257
210,RGB,True,"(16, 16)",False,16,True,9,8,2,ALL,nb,0.83,0.8654
211,RGB,True,"(16, 16)",False,16,True,9,8,2,ALL,SVC_10_rbf,193.95,0.9972
212,RGB,True,"(16, 16)",False,16,True,9,8,2,ALL,SVC_1_rbf,190.13,0.9969
213,RGB,True,"(16, 16)",False,16,True,9,8,2,ALL,SVC_10_linear,97.42,0.978
214,RGB,True,"(16, 16)",False,16,True,9,8,2,ALL,SVC_1_linear,97.55,0.978
215,RGB,True,"(16, 16)",False,16,True,9,8,2,ALL,dt,154.77,0.9113
216,RGB,True,"(16, 16)",False,16,True,9,16,2,0,nb,0.13,0.882
217,RGB,True,"(16, 16)",False,16,True,9,16,2,0,SVC_10_rbf,26.15,0.9961
218,RGB,True,"(16, 16)",False,16,True,9,16,2,0,SVC_1_rbf,28.46,0.9958
219,RGB,True,"(16, 16)",False,16,True,9,16,2,0,SVC_10_linear,18.23,0.9758
220,RGB,True,"(16, 16)",False,16,True,9,16,2,0,SVC_1_linear,18.57,0.9758
221,RGB,True,"(16, 16)",False,16,True,9,16,2,0,dt,16.13,0.9271
222,RGB,True,"(16, 16)",False,16,True,9,16,2,1,nb,0.13,0.8809
223,RGB,True,"(16, 16)",False,16,True,9,16,2,1,SVC_10_rbf,25.14,0.9972
224,RGB,True,"(16, 16)",False,16,True,9,16,2,1,SVC_1_rbf,27.32,0.9961
225,RGB,True,"(16, 16)",False,16,True,9,16,2,1,SVC_10_linear,17.49,0.9747
226,RGB,True,"(16, 16)",False,16,True,9,16,2,1,SVC_1_linear,17.7,0.9747
227,RGB,True,"(16, 16)",False,16,True,9,16,2,1,dt,18.75,0.9381
228,RGB,True,"(16, 16)",False,16,True,9,16,2,2,nb,0.16,0.8818
229,RGB,True,"(16, 16)",False,16,True,9,16,2,2,SVC_10_rbf,25.55,0.9977
230,RGB,True,"(16, 16)",False,16,True,9,16,2,2,SVC_1_rbf,27.51,0.9963
231,RGB,True,"(16, 16)",False,16,True,9,16,2,2,SVC_10_linear,17.06,0.9792
232,RGB,True,"(16, 16)",False,16,True,9,16,2,2,SVC_1_linear,17.11,0.9792
233,RGB,True,"(16, 16)",False,16,True,9,16,2,2,dt,18.67,0.9327
234,RGB,True,"(16, 16)",False,16,True,9,16,2,ALL,nb,0.23,0.9093
235,RGB,True,"(16, 16)",False,16,True,9,16,2,ALL,SVC_10_rbf,38.76,0.9977
236,RGB,True,"(16, 16)",False,16,True,9,16,2,ALL,SVC_1_rbf,40.9,0.9972
237,RGB,True,"(16, 16)",False,16,True,9,16,2,ALL,SVC_10_linear,21.87,0.9828
238,RGB,True,"(16, 16)",False,16,True,9,16,2,ALL,SVC_1_linear,21.81,0.9828
239,RGB,True,"(16, 16)",False,16,True,9,16,2,ALL,dt,32.74,0.9381
240,RGB,True,"(16, 16)",True,16,False,9,8,2,0,nb,0.11,0.8142
241,RGB,True,"(16, 16)",True,16,False,9,8,2,0,SVC_10_rbf,23.9,0.9885
242,RGB,True,"(16, 16)",True,16,False,9,8,2,0,SVC_1_rbf,31.01,0.9809
243,RGB,True,"(16, 16)",True,16,False,9,8,2,0,SVC_10_linear,268.71,0.9505
244,RGB,True,"(16, 16)",True,16,False,9,8,2,0,SVC_1_linear,52.1,0.9569
245,RGB,True,"(16, 16)",True,16,False,9,8,2,0,dt,9.48,0.9423
246,RGB,True,"(16, 16)",True,16,False,9,8,2,1,nb,0.11,0.8105
247,RGB,True,"(16, 16)",True,16,False,9,8,2,1,SVC_10_rbf,24.55,0.9885
248,RGB,True,"(16, 16)",True,16,False,9,8,2,1,SVC_1_rbf,30.42,0.9825
249,RGB,True,"(16, 16)",True,16,False,9,8,2,1,SVC_10_linear,227.15,0.9581
250,RGB,True,"(16, 16)",True,16,False,9,8,2,1,SVC_1_linear,55.62,0.9648
251,RGB,True,"(16, 16)",True,16,False,9,8,2,1,dt,10.89,0.944
252,RGB,True,"(16, 16)",True,16,False,9,8,2,2,nb,0.11,0.8181
253,RGB,True,"(16, 16)",True,16,False,9,8,2,2,SVC_10_rbf,23.56,0.9876
254,RGB,True,"(16, 16)",True,16,False,9,8,2,2,SVC_1_rbf,30.17,0.9803
255,RGB,True,"(16, 16)",True,16,False,9,8,2,2,SVC_10_linear,197.21,0.9488
256,RGB,True,"(16, 16)",True,16,False,9,8,2,2,SVC_1_linear,51.68,0.9578
257,RGB,True,"(16, 16)",True,16,False,9,8,2,2,dt,10.27,0.9474
258,RGB,True,"(16, 16)",True,16,False,9,8,2,ALL,nb,0.11,0.8378
259,RGB,True,"(16, 16)",True,16,False,9,8,2,ALL,SVC_10_rbf,23.78,0.989
260,RGB,True,"(16, 16)",True,16,False,9,8,2,ALL,SVC_1_rbf,30.3,0.9792
261,RGB,True,"(16, 16)",True,16,False,9,8,2,ALL,SVC_10_linear,223.63,0.9541
262,RGB,True,"(16, 16)",True,16,False,9,8,2,ALL,SVC_1_linear,47.86,0.96
263,RGB,True,"(16, 16)",True,16,False,9,8,2,ALL,dt,9.15,0.9443
264,RGB,True,"(16, 16)",True,16,False,9,16,2,0,nb,0.11,0.8184
265,RGB,True,"(16, 16)",True,16,False,9,16,2,0,SVC_10_rbf,23.93,0.9899
266,RGB,True,"(16, 16)",True,16,False,9,16,2,0,SVC_1_rbf,30.17,0.9786
267,RGB,True,"(16, 16)",True,16,False,9,16,2,0,SVC_10_linear,190.99,0.9535
268,RGB,True,"(16, 16)",True,16,False,9,16,2,0,SVC_1_linear,43.97,0.9583
269,RGB,True,"(16, 16)",True,16,False,9,16,2,0,dt,8.6,0.9398
270,RGB,True,"(16, 16)",True,16,False,9,16,2,1,nb,0.11,0.8201
271,RGB,True,"(16, 16)",True,16,False,9,16,2,1,SVC_10_rbf,23.56,0.989
272,RGB,True,"(16, 16)",True,16,False,9,16,2,1,SVC_1_rbf,30.67,0.9786
273,RGB,True,"(16, 16)",True,16,False,9,16,2,1,SVC_10_linear,201.66,0.9516
274,RGB,True,"(16, 16)",True,16,False,9,16,2,1,SVC_1_linear,48.4,0.9583
275,RGB,True,"(16, 16)",True,16,False,9,16,2,1,dt,9.67,0.9336
276,RGB,True,"(16, 16)",True,16,False,9,16,2,2,nb,0.11,0.8128
277,RGB,True,"(16, 16)",True,16,False,9,16,2,2,SVC_10_rbf,23.62,0.987
278,RGB,True,"(16, 16)",True,16,False,9,16,2,2,SVC_1_rbf,30.23,0.9811
279,RGB,True,"(16, 16)",True,16,False,9,16,2,2,SVC_10_linear,214.07,0.9519
280,RGB,True,"(16, 16)",True,16,False,9,16,2,2,SVC_1_linear,49.22,0.9558
281,RGB,True,"(16, 16)",True,16,False,9,16,2,2,dt,9.39,0.9423
282,RGB,True,"(16, 16)",True,16,False,9,16,2,ALL,nb,0.11,0.8246
283,RGB,True,"(16, 16)",True,16,False,9,16,2,ALL,SVC_10_rbf,23.83,0.9885
284,RGB,True,"(16, 16)",True,16,False,9,16,2,ALL,SVC_1_rbf,30.8,0.9797
285,RGB,True,"(16, 16)",True,16,False,9,16,2,ALL,SVC_10_linear,233.14,0.9482
286,RGB,True,"(16, 16)",True,16,False,9,16,2,ALL,SVC_1_linear,47.13,0.9547
287,RGB,True,"(16, 16)",True,16,False,9,16,2,ALL,dt,9.8,0.9428
288,RGB,True,"(16, 16)",True,16,True,9,8,2,0,nb,0.36,0.8896
289,RGB,True,"(16, 16)",True,16,True,9,8,2,0,SVC_10_rbf,81.26,0.9966
290,RGB,True,"(16, 16)",True,16,True,9,8,2,0,SVC_1_rbf,81.27,0.9961
291,RGB,True,"(16, 16)",True,16,True,9,8,2,0,SVC_10_linear,34.74,0.982
292,RGB,True,"(16, 16)",True,16,True,9,8,2,0,SVC_1_linear,34.83,0.982
293,RGB,True,"(16, 16)",True,16,True,9,8,2,0,dt,49.42,0.9414
294,RGB,True,"(16, 16)",True,16,True,9,8,2,1,nb,0.36,0.8981
295,RGB,True,"(16, 16)",True,16,True,9,8,2,1,SVC_10_rbf,77.25,0.9966
296,RGB,True,"(16, 16)",True,16,True,9,8,2,1,SVC_1_rbf,76.36,0.9955
297,RGB,True,"(16, 16)",True,16,True,9,8,2,1,SVC_10_linear,33.86,0.9825
298,RGB,True,"(16, 16)",True,16,True,9,8,2,1,SVC_1_linear,34.05,0.9825
299,RGB,True,"(16, 16)",True,16,True,9,8,2,1,dt,58.9,0.9414
300,RGB,True,"(16, 16)",True,16,True,9,8,2,2,nb,0.36,0.8978
301,RGB,True,"(16, 16)",True,16,True,9,8,2,2,SVC_10_rbf,78.19,0.998
302,RGB,True,"(16, 16)",True,16,True,9,8,2,2,SVC_1_rbf,78.09,0.9972
303,RGB,True,"(16, 16)",True,16,True,9,8,2,2,SVC_10_linear,34.4,0.9825
304,RGB,True,"(16, 16)",True,16,True,9,8,2,2,SVC_1_linear,34.33,0.9825
305,RGB,True,"(16, 16)",True,16,True,9,8,2,2,dt,63.02,0.9406
306,RGB,True,"(16, 16)",True,16,True,9,8,2,ALL,nb,0.84,0.8874
307,RGB,True,"(16, 16)",True,16,True,9,8,2,ALL,SVC_10_rbf,193.32,0.9935
308,RGB,True,"(16, 16)",True,16,True,9,8,2,ALL,SVC_1_rbf,190.46,0.993
309,RGB,True,"(16, 16)",True,16,True,9,8,2,ALL,SVC_10_linear,90.3,0.9825
310,RGB,True,"(16, 16)",True,16,True,9,8,2,ALL,SVC_1_linear,90.14,0.9825
311,RGB,True,"(16, 16)",True,16,True,9,8,2,ALL,dt,163.16,0.9482
312,RGB,True,"(16, 16)",True,16,True,9,16,2,0,nb,0.14,0.8801
313,RGB,True,"(16, 16)",True,16,True,9,16,2,0,SVC_10_rbf,26.89,0.9966
314,RGB,True,"(16, 16)",True,16,True,9,16,2,0,SVC_1_rbf,29.42,0.9952
315,RGB,True,"(16, 16)",True,16,True,9,16,2,0,SVC_10_linear,13.19,0.9797
316,RGB,True,"(16, 16)",True,16,True,9,16,2,0,SVC_1_linear,13.31,0.9797
317,RGB,True,"(16, 16)",True,16,True,9,16,2,0,dt,20.37,0.9454
318,RGB,True,"(16, 16)",True,16,True,9,16,2,1,nb,0.14,0.8713
319,RGB,True,"(16, 16)",True,16,True,9,16,2,1,SVC_10_rbf,25.89,0.9986
320,RGB,True,"(16, 16)",True,16,True,9,16,2,1,SVC_1_rbf,28.35,0.9963
321,RGB,True,"(16, 16)",True,16,True,9,16,2,1,SVC_10_linear,13.35,0.9809
322,RGB,True,"(16, 16)",True,16,True,9,16,2,1,SVC_1_linear,13.31,0.9809
323,RGB,True,"(16, 16)",True,16,True,9,16,2,1,dt,17.98,0.9603
324,RGB,True,"(16, 16)",True,16,True,9,16,2,2,nb,0.14,0.8787
325,RGB,True,"(16, 16)",True,16,True,9,16,2,2,SVC_10_rbf,26.55,0.9986
326,RGB,True,"(16, 16)",True,16,True,9,16,2,2,SVC_1_rbf,28.31,0.998
327,RGB,True,"(16, 16)",True,16,True,9,16,2,2,SVC_10_linear,13.34,0.9825
328,RGB,True,"(16, 16)",True,16,True,9,16,2,2,SVC_1_linear,13.35,0.9825
329,RGB,True,"(16, 16)",True,16,True,9,16,2,2,dt,20.49,0.9544
330,RGB,True,"(16, 16)",True,16,True,9,16,2,ALL,nb,0.21,0.9158
331,RGB,True,"(16, 16)",True,16,True,9,16,2,ALL,SVC_10_rbf,39.16,0.998
332,RGB,True,"(16, 16)",True,16,True,9,16,2,ALL,SVC_1_rbf,40.64,0.9977
333,RGB,True,"(16, 16)",True,16,True,9,16,2,ALL,SVC_10_linear,19.21,0.9859
334,RGB,True,"(16, 16)",True,16,True,9,16,2,ALL,SVC_1_linear,19.06,0.9859
335,RGB,True,"(16, 16)",True,16,True,9,16,2,ALL,dt,38.07,0.9544
336,HSV,False,"(16, 16)",False,16,True,9,8,2,0,nb,0.22,0.8711
337,HSV,False,"(16, 16)",False,16,True,9,8,2,0,SVC_10_rbf,154.15,0.9738
338,HSV,False,"(16, 16)",False,16,True,9,8,2,0,SVC_1_rbf,81.4,0.9699
339,HSV,False,"(16, 16)",False,16,True,9,8,2,0,SVC_10_linear,177.03,0.9034
340,HSV,False,"(16, 16)",False,16,True,9,8,2,0,SVC_1_linear,163.56,0.9113
341,HSV,False,"(16, 16)",False,16,True,9,8,2,0,dt,31.71,0.817
342,HSV,False,"(16, 16)",False,16,True,9,8,2,1,nb,0.23,0.8435
343,HSV,False,"(16, 16)",False,16,True,9,8,2,1,SVC_10_rbf,169.21,0.9623
344,HSV,False,"(16, 16)",False,16,True,9,8,2,1,SVC_1_rbf,86.01,0.9583
345,HSV,False,"(16, 16)",False,16,True,9,8,2,1,SVC_10_linear,397.17,0.9023
346,HSV,False,"(16, 16)",False,16,True,9,8,2,1,SVC_1_linear,226.22,0.9068
347,HSV,False,"(16, 16)",False,16,True,9,8,2,1,dt,28.3,0.7863
348,HSV,False,"(16, 16)",False,16,True,9,8,2,2,nb,0.24,0.859
349,HSV,False,"(16, 16)",False,16,True,9,8,2,2,SVC_10_rbf,61.98,0.9935
350,HSV,False,"(16, 16)",False,16,True,9,8,2,2,SVC_1_rbf,60.13,0.9921
351,HSV,False,"(16, 16)",False,16,True,9,8,2,2,SVC_10_linear,53.37,0.955
352,HSV,False,"(16, 16)",False,16,True,9,8,2,2,SVC_1_linear,53.46,0.955
353,HSV,False,"(16, 16)",False,16,True,9,8,2,2,dt,37.47,0.8882
354,HSV,False,"(16, 16)",False,16,True,9,8,2,ALL,nb,1.31,0.953
355,HSV,False,"(16, 16)",False,16,True,9,8,2,ALL,SVC_10_rbf,175.22,0.9935
356,HSV,False,"(16, 16)",False,16,True,9,8,2,ALL,SVC_1_rbf,171.01,0.9924
357,HSV,False,"(16, 16)",False,16,True,9,8,2,ALL,SVC_10_linear,69.87,0.987
358,HSV,False,"(16, 16)",False,16,True,9,8,2,ALL,SVC_1_linear,69.85,0.987
359,HSV,False,"(16, 16)",False,16,True,9,8,2,ALL,dt,153.68,0.8995
360,HSV,False,"(16, 16)",False,16,True,9,16,2,0,nb,0.04,0.8694
361,HSV,False,"(16, 16)",False,16,True,9,16,2,0,SVC_10_rbf,13.07,0.9738
362,HSV,False,"(16, 16)",False,16,True,9,16,2,0,SVC_1_rbf,12.34,0.9735
363,HSV,False,"(16, 16)",False,16,True,9,16,2,0,SVC_10_linear,874.75,0.9428
364,HSV,False,"(16, 16)",False,16,True,9,16,2,0,SVC_1_linear,114.71,0.9431
365,HSV,False,"(16, 16)",False,16,True,9,16,2,0,dt,6.95,0.8725
366,HSV,False,"(16, 16)",False,16,True,9,16,2,1,nb,0.04,0.8443
367,HSV,False,"(16, 16)",False,16,True,9,16,2,1,SVC_10_rbf,13.27,0.9696
368,HSV,False,"(16, 16)",False,16,True,9,16,2,1,SVC_1_rbf,13.16,0.9645
369,HSV,False,"(16, 16)",False,16,True,9,16,2,1,SVC_10_linear,645.97,0.9406
370,HSV,False,"(16, 16)",False,16,True,9,16,2,1,SVC_1_linear,84.34,0.9412
371,HSV,False,"(16, 16)",False,16,True,9,16,2,1,dt,5.95,0.8314
372,HSV,False,"(16, 16)",False,16,True,9,16,2,2,nb,0.04,0.9062
373,HSV,False,"(16, 16)",False,16,True,9,16,2,2,SVC_10_rbf,7.79,0.9924
374,HSV,False,"(16, 16)",False,16,True,9,16,2,2,SVC_1_rbf,7.79,0.9876
375,HSV,False,"(16, 16)",False,16,True,9,16,2,2,SVC_10_linear,221.34,0.9626
376,HSV,False,"(16, 16)",False,16,True,9,16,2,2,SVC_1_linear,32.24,0.9623
377,HSV,False,"(16, 16)",False,16,True,9,16,2,2,dt,6.2,0.9122
378,HSV,False,"(16, 16)",False,16,True,9,16,2,ALL,nb,0.12,0.955
379,HSV,False,"(16, 16)",False,16,True,9,16,2,ALL,SVC_10_rbf,20.87,0.9961
380,HSV,False,"(16, 16)",False,16,True,9,16,2,ALL,SVC_1_rbf,20.56,0.9944
381,HSV,False,"(16, 16)",False,16,True,9,16,2,ALL,SVC_10_linear,8.74,0.9786
382,HSV,False,"(16, 16)",False,16,True,9,16,2,ALL,SVC_1_linear,8.81,0.9786
383,HSV,False,"(16, 16)",False,16,True,9,16,2,ALL,dt,16.29,0.9231
384,HSV,False,"(16, 16)",True,16,False,9,8,2,0,nb,0.01,0.9344
385,HSV,False,"(16, 16)",True,16,False,9,8,2,0,SVC_10_rbf,0.76,0.9907
386,HSV,False,"(16, 16)",True,16,False,9,8,2,0,SVC_1_rbf,1.09,0.9879
387,HSV,False,"(16, 16)",True,16,False,9,8,2,0,SVC_10_linear,19.06,0.9454
388,HSV,False,"(16, 16)",True,16,False,9,8,2,0,SVC_1_linear,4.02,0.9465
389,HSV,False,"(16, 16)",True,16,False,9,8,2,0,dt,0.33,0.9766
390,HSV,False,"(16, 16)",True,16,False,9,8,2,1,nb,0.01,0.9355
391,HSV,False,"(16, 16)",True,16,False,9,8,2,1,SVC_10_rbf,0.73,0.9879
392,HSV,False,"(16, 16)",True,16,False,9,8,2,1,SVC_1_rbf,1.06,0.9834
393,HSV,False,"(16, 16)",True,16,False,9,8,2,1,SVC_10_linear,18.68,0.9417
394,HSV,False,"(16, 16)",True,16,False,9,8,2,1,SVC_1_linear,4.12,0.9417
395,HSV,False,"(16, 16)",True,16,False,9,8,2,1,dt,0.35,0.9764
396,HSV,False,"(16, 16)",True,16,False,9,8,2,2,nb,0.01,0.9355
397,HSV,False,"(16, 16)",True,16,False,9,8,2,2,SVC_10_rbf,0.95,0.9879
398,HSV,False,"(16, 16)",True,16,False,9,8,2,2,SVC_1_rbf,1.36,0.9834
399,HSV,False,"(16, 16)",True,16,False,9,8,2,2,SVC_10_linear,18.86,0.9417
400,HSV,False,"(16, 16)",True,16,False,9,8,2,2,SVC_1_linear,4.09,0.9417
401,HSV,False,"(16, 16)",True,16,False,9,8,2,2,dt,0.35,0.9758
402,HSV,False,"(16, 16)",True,16,False,9,8,2,ALL,nb,0.01,0.9333
403,HSV,False,"(16, 16)",True,16,False,9,8,2,ALL,SVC_10_rbf,0.73,0.9885
404,HSV,False,"(16, 16)",True,16,False,9,8,2,ALL,SVC_1_rbf,1.06,0.9837
405,HSV,False,"(16, 16)",True,16,False,9,8,2,ALL,SVC_10_linear,19.61,0.9414
406,HSV,False,"(16, 16)",True,16,False,9,8,2,ALL,SVC_1_linear,4.06,0.9423
407,HSV,False,"(16, 16)",True,16,False,9,8,2,ALL,dt,0.34,0.9749
408,HSV,False,"(16, 16)",True,16,False,9,16,2,0,nb,0.01,0.9313
409,HSV,False,"(16, 16)",True,16,False,9,16,2,0,SVC_10_rbf,0.72,0.989
410,HSV,False,"(16, 16)",True,16,False,9,16,2,0,SVC_1_rbf,1.06,0.9854
411,HSV,False,"(16, 16)",True,16,False,9,16,2,0,SVC_10_linear,19.55,0.9398
412,HSV,False,"(16, 16)",True,16,False,9,16,2,0,SVC_1_linear,4.1,0.9398
413,HSV,False,"(16, 16)",True,16,False,9,16,2,0,dt,0.32,0.9735
414,HSV,False,"(16, 16)",True,16,False,9,16,2,1,nb,0.01,0.9369
415,HSV,False,"(16, 16)",True,16,False,9,16,2,1,SVC_10_rbf,0.77,0.9913
416,HSV,False,"(16, 16)",True,16,False,9,16,2,1,SVC_1_rbf,1.07,0.987
417,HSV,False,"(16, 16)",True,16,False,9,16,2,1,SVC_10_linear,20.47,0.9476
418,HSV,False,"(16, 16)",True,16,False,9,16,2,1,SVC_1_linear,4.14,0.9468
419,HSV,False,"(16, 16)",True,16,False,9,16,2,1,dt,0.32,0.9735
420,HSV,False,"(16, 16)",True,16,False,9,16,2,2,nb,0.01,0.9403
421,HSV,False,"(16, 16)",True,16,False,9,16,2,2,SVC_10_rbf,0.76,0.9927
422,HSV,False,"(16, 16)",True,16,False,9,16,2,2,SVC_1_rbf,1.08,0.987
423,HSV,False,"(16, 16)",True,16,False,9,16,2,2,SVC_10_linear,20.26,0.9451
424,HSV,False,"(16, 16)",True,16,False,9,16,2,2,SVC_1_linear,4.16,0.9448
425,HSV,False,"(16, 16)",True,16,False,9,16,2,2,dt,0.31,0.9794
426,HSV,False,"(16, 16)",True,16,False,9,16,2,ALL,nb,0.01,0.9327
427,HSV,False,"(16, 16)",True,16,False,9,16,2,ALL,SVC_10_rbf,0.75,0.9927
428,HSV,False,"(16, 16)",True,16,False,9,16,2,ALL,SVC_1_rbf,1.08,0.989
429,HSV,False,"(16, 16)",True,16,False,9,16,2,ALL,SVC_10_linear,19.5,0.9443
430,HSV,False,"(16, 16)",True,16,False,9,16,2,ALL,SVC_1_linear,4.02,0.9437
431,HSV,False,"(16, 16)",True,16,False,9,16,2,ALL,dt,0.38,0.9744
432,HSV,False,"(16, 16)",True,16,True,9,8,2,0,nb,0.22,0.9445
433,HSV,False,"(16, 16)",True,16,True,9,8,2,0,SVC_10_rbf,103.12,0.9842
434,HSV,False,"(16, 16)",True,16,True,9,8,2,0,SVC_1_rbf,75.96,0.9828
435,HSV,False,"(16, 16)",True,16,True,9,8,2,0,SVC_10_linear,41.34,0.9586
436,HSV,False,"(16, 16)",True,16,True,9,8,2,0,SVC_1_linear,41.31,0.9586
437,HSV,False,"(16, 16)",True,16,True,9,8,2,0,dt,33.93,0.9642
438,HSV,False,"(16, 16)",True,16,True,9,8,2,1,nb,0.23,0.9302
439,HSV,False,"(16, 16)",True,16,True,9,8,2,1,SVC_10_rbf,103.57,0.9809
440,HSV,False,"(16, 16)",True,16,True,9,8,2,1,SVC_1_rbf,79.68,0.9789
441,HSV,False,"(16, 16)",True,16,True,9,8,2,1,SVC_10_linear,43.71,0.9564
442,HSV,False,"(16, 16)",True,16,True,9,8,2,1,SVC_1_linear,43.73,0.9564
443,HSV,False,"(16, 16)",True,16,True,9,8,2,1,dt,34.68,0.9617
444,HSV,False,"(16, 16)",True,16,True,9,8,2,2,nb,0.22,0.9302
445,HSV,False,"(16, 16)",True,16,True,9,8,2,2,SVC_10_rbf,56.94,0.9952
446,HSV,False,"(16, 16)",True,16,True,9,8,2,2,SVC_1_rbf,55.72,0.9944
447,HSV,False,"(16, 16)",True,16,True,9,8,2,2,SVC_10_linear,21.94,0.9859
448,HSV,False,"(16, 16)",True,16,True,9,8,2,2,SVC_1_linear,21.92,0.9859
449,HSV,False,"(16, 16)",True,16,True,9,8,2,2,dt,47.11,0.964
450,HSV,False,"(16, 16)",True,16,True,9,8,2,ALL,nb,0.73,0.9682
451,HSV,False,"(16, 16)",True,16,True,9,8,2,ALL,SVC_10_rbf,175.78,0.9969
452,HSV,False,"(16, 16)",True,16,True,9,8,2,ALL,SVC_1_rbf,172.76,0.9958
453,HSV,False,"(16, 16)",True,16,True,9,8,2,ALL,SVC_10_linear,69.29,0.9913
454,HSV,False,"(16, 16)",True,16,True,9,8,2,ALL,SVC_1_linear,69.25,0.9913
455,HSV,False,"(16, 16)",True,16,True,9,8,2,ALL,dt,120.72,0.9623
456,HSV,False,"(16, 16)",True,16,True,9,16,2,0,nb,0.05,0.9361
457,HSV,False,"(16, 16)",True,16,True,9,16,2,0,SVC_10_rbf,10.93,0.991
458,HSV,False,"(16, 16)",True,16,True,9,16,2,0,SVC_1_rbf,10.99,0.9882
459,HSV,False,"(16, 16)",True,16,True,9,16,2,0,SVC_10_linear,260.77,0.9702
460,HSV,False,"(16, 16)",True,16,True,9,16,2,0,SVC_1_linear,33.8,0.9724
461,HSV,False,"(16, 16)",True,16,True,9,16,2,0,dt,5.44,0.9634
462,HSV,False,"(16, 16)",True,16,True,9,16,2,1,nb,0.05,0.9423
463,HSV,False,"(16, 16)",True,16,True,9,16,2,1,SVC_10_rbf,9.97,0.9907
464,HSV,False,"(16, 16)",True,16,True,9,16,2,1,SVC_1_rbf,10.42,0.9876
465,HSV,False,"(16, 16)",True,16,True,9,16,2,1,SVC_10_linear,151.54,0.9738
466,HSV,False,"(16, 16)",True,16,True,9,16,2,1,SVC_1_linear,20.17,0.9747
467,HSV,False,"(16, 16)",True,16,True,9,16,2,1,dt,6.06,0.9654
468,HSV,False,"(16, 16)",True,16,True,9,16,2,2,nb,0.05,0.9657
469,HSV,False,"(16, 16)",True,16,True,9,16,2,2,SVC_10_rbf,6.65,0.9963
470,HSV,False,"(16, 16)",True,16,True,9,16,2,2,SVC_1_rbf,7.01,0.9963
471,HSV,False,"(16, 16)",True,16,True,9,16,2,2,SVC_10_linear,4.66,0.9837
472,HSV,False,"(16, 16)",True,16,True,9,16,2,2,SVC_1_linear,4.32,0.9868
473,HSV,False,"(16, 16)",True,16,True,9,16,2,2,dt,5.65,0.9718
474,HSV,False,"(16, 16)",True,16,True,9,16,2,ALL,nb,0.12,0.9659
475,HSV,False,"(16, 16)",True,16,True,9,16,2,ALL,SVC_10_rbf,20.9,0.9992
476,HSV,False,"(16, 16)",True,16,True,9,16,2,ALL,SVC_1_rbf,20.71,0.9989
477,HSV,False,"(16, 16)",True,16,True,9,16,2,ALL,SVC_10_linear,7.08,0.9901
478,HSV,False,"(16, 16)",True,16,True,9,16,2,ALL,SVC_1_linear,7.07,0.9901
479,HSV,False,"(16, 16)",True,16,True,9,16,2,ALL,dt,15.74,0.9642
480,HSV,True,"(16, 16)",False,16,False,9,8,2,0,nb,0.09,0.8339
481,HSV,True,"(16, 16)",False,16,False,9,8,2,0,SVC_10_rbf,25.46,0.9885
482,HSV,True,"(16, 16)",False,16,False,9,8,2,0,SVC_1_rbf,29.49,0.9856
483,HSV,True,"(16, 16)",False,16,False,9,8,2,0,SVC_10_linear,2387.25,0.9062
484,HSV,True,"(16, 16)",False,16,False,9,8,2,0,SVC_1_linear,280.39,0.9048
485,HSV,True,"(16, 16)",False,16,False,9,8,2,0,dt,7.44,0.9116
486,HSV,True,"(16, 16)",False,16,False,9,8,2,1,nb,0.09,0.8564
487,HSV,True,"(16, 16)",False,16,False,9,8,2,1,SVC_10_rbf,25.52,0.9873
488,HSV,True,"(16, 16)",False,16,False,9,8,2,1,SVC_1_rbf,29.54,0.9848
489,HSV,True,"(16, 16)",False,16,False,9,8,2,1,SVC_10_linear,2263.63,0.9065
490,HSV,True,"(16, 16)",False,16,False,9,8,2,1,SVC_1_linear,272.84,0.9091
491,HSV,True,"(16, 16)",False,16,False,9,8,2,1,dt,7.57,0.9144
492,HSV,True,"(16, 16)",False,16,False,9,8,2,2,nb,0.09,0.8497
493,HSV,True,"(16, 16)",False,16,False,9,8,2,2,SVC_10_rbf,25.47,0.9899
494,HSV,True,"(16, 16)",False,16,False,9,8,2,2,SVC_1_rbf,29.94,0.9862
495,HSV,True,"(16, 16)",False,16,False,9,8,2,2,SVC_10_linear,2503.33,0.906
496,HSV,True,"(16, 16)",False,16,False,9,8,2,2,SVC_1_linear,257.21,0.9077
497,HSV,True,"(16, 16)",False,16,False,9,8,2,2,dt,8.55,0.9158
498,HSV,True,"(16, 16)",False,16,False,9,8,2,ALL,nb,0.09,0.8384
499,HSV,True,"(16, 16)",False,16,False,9,8,2,ALL,SVC_10_rbf,25.51,0.9865
500,HSV,True,"(16, 16)",False,16,False,9,8,2,ALL,SVC_1_rbf,29.28,0.984
501,HSV,True,"(16, 16)",False,16,False,9,8,2,ALL,SVC_10_linear,2707.75,0.9037
502,HSV,True,"(16, 16)",False,16,False,9,8,2,ALL,SVC_1_linear,325.16,0.9037
503,HSV,True,"(16, 16)",False,16,False,9,8,2,ALL,dt,6.89,0.9189
504,HSV,True,"(16, 16)",False,16,False,9,16,2,0,nb,0.09,0.8457
505,HSV,True,"(16, 16)",False,16,False,9,16,2,0,SVC_10_rbf,25.8,0.9887
506,HSV,True,"(16, 16)",False,16,False,9,16,2,0,SVC_1_rbf,30.49,0.9862
507,HSV,True,"(16, 16)",False,16,False,9,16,2,0,SVC_10_linear,2670.44,0.9119
508,HSV,True,"(16, 16)",False,16,False,9,16,2,0,SVC_1_linear,275.22,0.9116
509,HSV,True,"(16, 16)",False,16,False,9,16,2,0,dt,7.47,0.9048
510,HSV,True,"(16, 16)",False,16,False,9,16,2,1,nb,0.09,0.8376
511,HSV,True,"(16, 16)",False,16,False,9,16,2,1,SVC_10_rbf,25.89,0.989
512,HSV,True,"(16, 16)",False,16,False,9,16,2,1,SVC_1_rbf,29.89,0.9837
513,HSV,True,"(16, 16)",False,16,False,9,16,2,1,SVC_10_linear,2628.37,0.9082
514,HSV,True,"(16, 16)",False,16,False,9,16,2,1,SVC_1_linear,287.12,0.9091
515,HSV,True,"(16, 16)",False,16,False,9,16,2,1,dt,7.4,0.913
516,HSV,True,"(16, 16)",False,16,False,9,16,2,2,nb,0.09,0.8409
517,HSV,True,"(16, 16)",False,16,False,9,16,2,2,SVC_10_rbf,25.47,0.987
518,HSV,True,"(16, 16)",False,16,False,9,16,2,2,SVC_1_rbf,29.88,0.9854
519,HSV,True,"(16, 16)",False,16,False,9,16,2,2,SVC_10_linear,2475.75,0.9032
520,HSV,True,"(16, 16)",False,16,False,9,16,2,2,SVC_1_linear,276.75,0.9032
521,HSV,True,"(16, 16)",False,16,False,9,16,2,2,dt,7.64,0.9172
522,HSV,True,"(16, 16)",False,16,False,9,16,2,ALL,nb,0.09,0.8412
523,HSV,True,"(16, 16)",False,16,False,9,16,2,ALL,SVC_10_rbf,26.14,0.9879
524,HSV,True,"(16, 16)",False,16,False,9,16,2,ALL,SVC_1_rbf,30.05,0.9876
525,HSV,True,"(16, 16)",False,16,False,9,16,2,ALL,SVC_10_linear,2374.26,0.9096
526,HSV,True,"(16, 16)",False,16,False,9,16,2,ALL,SVC_1_linear,293.13,0.9091
527,HSV,True,"(16, 16)",False,16,False,9,16,2,ALL,dt,8.21,0.9147
528,HSV,True,"(16, 16)",False,16,True,9,8,2,0,nb,0.59,0.9181
529,HSV,True,"(16, 16)",False,16,True,9,8,2,0,SVC_10_rbf,96.56,0.991
530,HSV,True,"(16, 16)",False,16,True,9,8,2,0,SVC_1_rbf,94.67,0.9893
531,HSV,True,"(16, 16)",False,16,True,9,8,2,0,SVC_10_linear,49.93,0.9572
532,HSV,True,"(16, 16)",False,16,True,9,8,2,0,SVC_1_linear,49.56,0.9572
533,HSV,True,"(16, 16)",False,16,True,9,8,2,0,dt,56.31,0.9017
534,HSV,True,"(16, 16)",False,16,True,9,8,2,1,nb,0.38,0.9085
535,HSV,True,"(16, 16)",False,16,True,9,8,2,1,SVC_10_rbf,100.3,0.9876
536,HSV,True,"(16, 16)",False,16,True,9,8,2,1,SVC_1_rbf,98.06,0.9862
537,HSV,True,"(16, 16)",False,16,True,9,8,2,1,SVC_10_linear,47.44,0.9595
538,HSV,True,"(16, 16)",False,16,True,9,8,2,1,SVC_1_linear,46.99,0.9595
539,HSV,True,"(16, 16)",False,16,True,9,8,2,1,dt,55.51,0.9243
540,HSV,True,"(16, 16)",False,16,True,9,8,2,2,nb,0.6,0.9375
541,HSV,True,"(16, 16)",False,16,True,9,8,2,2,SVC_10_rbf,71.17,0.9966
542,HSV,True,"(16, 16)",False,16,True,9,8,2,2,SVC_1_rbf,69.59,0.9958
543,HSV,True,"(16, 16)",False,16,True,9,8,2,2,SVC_10_linear,34.82,0.9744
544,HSV,True,"(16, 16)",False,16,True,9,8,2,2,SVC_1_linear,34.64,0.9744
545,HSV,True,"(16, 16)",False,16,True,9,8,2,2,dt,53.06,0.9245
546,HSV,True,"(16, 16)",False,16,True,9,8,2,ALL,nb,0.86,0.9626
547,HSV,True,"(16, 16)",False,16,True,9,8,2,ALL,SVC_10_rbf,181.77,0.9969
548,HSV,True,"(16, 16)",False,16,True,9,8,2,ALL,SVC_1_rbf,179.2,0.9972
549,HSV,True,"(16, 16)",False,16,True,9,8,2,ALL,SVC_10_linear,71.32,0.9932
550,HSV,True,"(16, 16)",False,16,True,9,8,2,ALL,SVC_1_linear,71.13,0.9932
551,HSV,True,"(16, 16)",False,16,True,9,8,2,ALL,dt,165.58,0.9195
552,HSV,True,"(16, 16)",False,16,True,9,16,2,0,nb,0.13,0.8857
553,HSV,True,"(16, 16)",False,16,True,9,16,2,0,SVC_10_rbf,30.97,0.9899
554,HSV,True,"(16, 16)",False,16,True,9,16,2,0,SVC_1_rbf,32.9,0.9882
555,HSV,True,"(16, 16)",False,16,True,9,16,2,0,SVC_10_linear,24.96,0.9527
556,HSV,True,"(16, 16)",False,16,True,9,16,2,0,SVC_1_linear,25.83,0.9555
557,HSV,True,"(16, 16)",False,16,True,9,16,2,0,dt,12.75,0.926
558,HSV,True,"(16, 16)",False,16,True,9,16,2,1,nb,0.13,0.8882
559,HSV,True,"(16, 16)",False,16,True,9,16,2,1,SVC_10_rbf,31.98,0.9944
560,HSV,True,"(16, 16)",False,16,True,9,16,2,1,SVC_1_rbf,34.14,0.9907
561,HSV,True,"(16, 16)",False,16,True,9,16,2,1,SVC_10_linear,21.73,0.9572
562,HSV,True,"(16, 16)",False,16,True,9,16,2,1,SVC_1_linear,21.62,0.9583
563,HSV,True,"(16, 16)",False,16,True,9,16,2,1,dt,14.37,0.9119
564,HSV,True,"(16, 16)",False,16,True,9,16,2,2,nb,0.13,0.9288
565,HSV,True,"(16, 16)",False,16,True,9,16,2,2,SVC_10_rbf,27.01,0.9961
566,HSV,True,"(16, 16)",False,16,True,9,16,2,2,SVC_1_rbf,27.4,0.9949
567,HSV,True,"(16, 16)",False,16,True,9,16,2,2,SVC_10_linear,13.71,0.9713
568,HSV,True,"(16, 16)",False,16,True,9,16,2,2,SVC_1_linear,13.68,0.9713
569,HSV,True,"(16, 16)",False,16,True,9,16,2,2,dt,17.91,0.9367
570,HSV,True,"(16, 16)",False,16,True,9,16,2,ALL,nb,0.21,0.9505
571,HSV,True,"(16, 16)",False,16,True,9,16,2,ALL,SVC_10_rbf,38.13,0.9989
572,HSV,True,"(16, 16)",False,16,True,9,16,2,ALL,SVC_1_rbf,38.67,0.9983
573,HSV,True,"(16, 16)",False,16,True,9,16,2,ALL,SVC_10_linear,14.21,0.9913
574,HSV,True,"(16, 16)",False,16,True,9,16,2,ALL,SVC_1_linear,14.34,0.9913
575,HSV,True,"(16, 16)",False,16,True,9,16,2,ALL,dt,40.09,0.9412
576,HSV,True,"(16, 16)",True,16,False,9,8,2,0,nb,0.1,0.9105
577,HSV,True,"(16, 16)",True,16,False,9,8,2,0,SVC_10_rbf,23.73,0.991
578,HSV,True,"(16, 16)",True,16,False,9,8,2,0,SVC_1_rbf,27.65,0.9885
579,HSV,True,"(16, 16)",True,16,False,9,8,2,0,SVC_10_linear,316.05,0.9521
580,HSV,True,"(16, 16)",True,16,False,9,8,2,0,SVC_1_linear,48.63,0.955
581,HSV,True,"(16, 16)",True,16,False,9,8,2,0,dt,6.74,0.9623
582,HSV,True,"(16, 16)",True,16,False,9,8,2,1,nb,0.1,0.906
583,HSV,True,"(16, 16)",True,16,False,9,8,2,1,SVC_10_rbf,23.39,0.9935
584,HSV,True,"(16, 16)",True,16,False,9,8,2,1,SVC_1_rbf,27.42,0.9896
585,HSV,True,"(16, 16)",True,16,False,9,8,2,1,SVC_10_linear,181.95,0.951
586,HSV,True,"(16, 16)",True,16,False,9,8,2,1,SVC_1_linear,42.97,0.9538
587,HSV,True,"(16, 16)",True,16,False,9,8,2,1,dt,7.42,0.9682
588,HSV,True,"(16, 16)",True,16,False,9,8,2,2,nb,0.1,0.9096
589,HSV,True,"(16, 16)",True,16,False,9,8,2,2,SVC_10_rbf,23.61,0.9927
590,HSV,True,"(16, 16)",True,16,False,9,8,2,2,SVC_1_rbf,27.27,0.9885
591,HSV,True,"(16, 16)",True,16,False,9,8,2,2,SVC_10_linear,260.24,0.951
592,HSV,True,"(16, 16)",True,16,False,9,8,2,2,SVC_1_linear,43.3,0.9547
593,HSV,True,"(16, 16)",True,16,False,9,8,2,2,dt,7.41,0.9654
594,HSV,True,"(16, 16)",True,16,False,9,8,2,ALL,nb,0.1,0.9048
595,HSV,True,"(16, 16)",True,16,False,9,8,2,ALL,SVC_10_rbf,23.33,0.991
596,HSV,True,"(16, 16)",True,16,False,9,8,2,ALL,SVC_1_rbf,27.59,0.9887
597,HSV,True,"(16, 16)",True,16,False,9,8,2,ALL,SVC_10_linear,147.03,0.9488
598,HSV,True,"(16, 16)",True,16,False,9,8,2,ALL,SVC_1_linear,42.7,0.9519
599,HSV,True,"(16, 16)",True,16,False,9,8,2,ALL,dt,8.57,0.9696
600,HSV,True,"(16, 16)",True,16,False,9,16,2,0,nb,0.1,0.9017
601,HSV,True,"(16, 16)",True,16,False,9,16,2,0,SVC_10_rbf,23.05,0.9938
602,HSV,True,"(16, 16)",True,16,False,9,16,2,0,SVC_1_rbf,27.66,0.9899
603,HSV,True,"(16, 16)",True,16,False,9,16,2,0,SVC_10_linear,243.58,0.9459
604,HSV,True,"(16, 16)",True,16,False,9,16,2,0,SVC_1_linear,40.71,0.9538
605,HSV,True,"(16, 16)",True,16,False,9,16,2,0,dt,8.13,0.9696
606,HSV,True,"(16, 16)",True,16,False,9,16,2,1,nb,0.1,0.9074
607,HSV,True,"(16, 16)",True,16,False,9,16,2,1,SVC_10_rbf,23.75,0.9927
608,HSV,True,"(16, 16)",True,16,False,9,16,2,1,SVC_1_rbf,27.72,0.9916
609,HSV,True,"(16, 16)",True,16,False,9,16,2,1,SVC_10_linear,281.71,0.9561
610,HSV,True,"(16, 16)",True,16,False,9,16,2,1,SVC_1_linear,43.42,0.9589
611,HSV,True,"(16, 16)",True,16,False,9,16,2,1,dt,7.26,0.9654
612,HSV,True,"(16, 16)",True,16,False,9,16,2,2,nb,0.1,0.9102
613,HSV,True,"(16, 16)",True,16,False,9,16,2,2,SVC_10_rbf,24.07,0.9938
614,HSV,True,"(16, 16)",True,16,False,9,16,2,2,SVC_1_rbf,27.44,0.991
615,HSV,True,"(16, 16)",True,16,False,9,16,2,2,SVC_10_linear,248.93,0.9516
616,HSV,True,"(16, 16)",True,16,False,9,16,2,2,SVC_1_linear,49.78,0.9538
617,HSV,True,"(16, 16)",True,16,False,9,16,2,2,dt,6.85,0.969
618,HSV,True,"(16, 16)",True,16,False,9,16,2,ALL,nb,0.1,0.9096
619,HSV,True,"(16, 16)",True,16,False,9,16,2,ALL,SVC_10_rbf,23.68,0.9927
620,HSV,True,"(16, 16)",True,16,False,9,16,2,ALL,SVC_1_rbf,27.37,0.9885
621,HSV,True,"(16, 16)",True,16,False,9,16,2,ALL,SVC_10_linear,253.56,0.951
622,HSV,True,"(16, 16)",True,16,False,9,16,2,ALL,SVC_1_linear,43.87,0.9547
623,HSV,True,"(16, 16)",True,16,False,9,16,2,ALL,dt,7.39,0.9668
624,HSV,True,"(16, 16)",True,16,True,9,8,2,0,nb,0.45,0.9378
625,HSV,True,"(16, 16)",True,16,True,9,8,2,0,SVC_10_rbf,92.96,0.9882
626,HSV,True,"(16, 16)",True,16,True,9,8,2,0,SVC_1_rbf,91.34,0.9865
627,HSV,True,"(16, 16)",True,16,True,9,8,2,0,SVC_10_linear,38.92,0.9718
628,HSV,True,"(16, 16)",True,16,True,9,8,2,0,SVC_1_linear,38.67,0.9718
629,HSV,True,"(16, 16)",True,16,True,9,8,2,0,dt,40.0,0.9623
630,HSV,True,"(16, 16)",True,16,True,9,8,2,1,nb,0.36,0.9319
631,HSV,True,"(16, 16)",True,16,True,9,8,2,1,SVC_10_rbf,95.85,0.9913
632,HSV,True,"(16, 16)",True,16,True,9,8,2,1,SVC_1_rbf,94.74,0.9899
633,HSV,True,"(16, 16)",True,16,True,9,8,2,1,SVC_10_linear,39.7,0.9702
634,HSV,True,"(16, 16)",True,16,True,9,8,2,1,SVC_1_linear,39.87,0.9702
635,HSV,True,"(16, 16)",True,16,True,9,8,2,1,dt,31.76,0.9589
636,HSV,True,"(16, 16)",True,16,True,9,8,2,2,nb,0.36,0.9592
637,HSV,True,"(16, 16)",True,16,True,9,8,2,2,SVC_10_rbf,71.16,0.9975
638,HSV,True,"(16, 16)",True,16,True,9,8,2,2,SVC_1_rbf,69.63,0.9975
639,HSV,True,"(16, 16)",True,16,True,9,8,2,2,SVC_10_linear,29.4,0.9879
640,HSV,True,"(16, 16)",True,16,True,9,8,2,2,SVC_1_linear,29.8,0.9879
641,HSV,True,"(16, 16)",True,16,True,9,8,2,2,dt,50.08,0.9642
642,HSV,True,"(16, 16)",True,16,True,9,8,2,ALL,nb,0.85,0.9662
643,HSV,True,"(16, 16)",True,16,True,9,8,2,ALL,SVC_10_rbf,179.54,0.9961
644,HSV,True,"(16, 16)",True,16,True,9,8,2,ALL,SVC_1_rbf,178.01,0.9961
645,HSV,True,"(16, 16)",True,16,True,9,8,2,ALL,SVC_10_linear,68.23,0.9921
646,HSV,True,"(16, 16)",True,16,True,9,8,2,ALL,SVC_1_linear,68.42,0.9921
647,HSV,True,"(16, 16)",True,16,True,9,8,2,ALL,dt,136.77,0.9595
648,HSV,True,"(16, 16)",True,16,True,9,16,2,0,nb,0.15,0.9257
649,HSV,True,"(16, 16)",True,16,True,9,16,2,0,SVC_10_rbf,29.75,0.993
650,HSV,True,"(16, 16)",True,16,True,9,16,2,0,SVC_1_rbf,31.41,0.9918
651,HSV,True,"(16, 16)",True,16,True,9,16,2,0,SVC_10_linear,15.51,0.9699
652,HSV,True,"(16, 16)",True,16,True,9,16,2,0,SVC_1_linear,15.44,0.9699
653,HSV,True,"(16, 16)",True,16,True,9,16,2,0,dt,17.7,0.9668
654,HSV,True,"(16, 16)",True,16,True,9,16,2,1,nb,0.14,0.94
655,HSV,True,"(16, 16)",True,16,True,9,16,2,1,SVC_10_rbf,29.41,0.9941
656,HSV,True,"(16, 16)",True,16,True,9,16,2,1,SVC_1_rbf,32.39,0.9932
657,HSV,True,"(16, 16)",True,16,True,9,16,2,1,SVC_10_linear,14.95,0.9738
658,HSV,True,"(16, 16)",True,16,True,9,16,2,1,SVC_1_linear,14.97,0.9738
659,HSV,True,"(16, 16)",True,16,True,9,16,2,1,dt,15.33,0.9662
660,HSV,True,"(16, 16)",True,16,True,9,16,2,2,nb,0.14,0.9544
661,HSV,True,"(16, 16)",True,16,True,9,16,2,2,SVC_10_rbf,26.95,0.9986
662,HSV,True,"(16, 16)",True,16,True,9,16,2,2,SVC_1_rbf,27.53,0.998
663,HSV,True,"(16, 16)",True,16,True,9,16,2,2,SVC_10_linear,10.86,0.9885
664,HSV,True,"(16, 16)",True,16,True,9,16,2,2,SVC_1_linear,10.91,0.9885
665,HSV,True,"(16, 16)",True,16,True,9,16,2,2,dt,14.82,0.973
666,HSV,True,"(16, 16)",True,16,True,9,16,2,ALL,nb,0.21,0.9566
667,HSV,True,"(16, 16)",True,16,True,9,16,2,ALL,SVC_10_rbf,36.98,0.9989
668,HSV,True,"(16, 16)",True,16,True,9,16,2,ALL,SVC_1_rbf,37.23,0.9986
669,HSV,True,"(16, 16)",True,16,True,9,16,2,ALL,SVC_10_linear,14.17,0.9935
670,HSV,True,"(16, 16)",True,16,True,9,16,2,ALL,SVC_1_linear,14.06,0.9935
671,HSV,True,"(16, 16)",True,16,True,9,16,2,ALL,dt,34.32,0.9721
672,YUV,False,"(16, 16)",False,16,True,9,8,2,0,nb,0.21,0.8497
673,YUV,False,"(16, 16)",False,16,True,9,8,2,0,SVC_10_rbf,58.76,0.9927
674,YUV,False,"(16, 16)",False,16,True,9,8,2,0,SVC_1_rbf,57.35,0.9913
675,YUV,False,"(16, 16)",False,16,True,9,8,2,0,SVC_10_linear,47.89,0.9519
676,YUV,False,"(16, 16)",False,16,True,9,8,2,0,SVC_1_linear,47.86,0.9519
677,YUV,False,"(16, 16)",False,16,True,9,8,2,0,dt,38.6,0.8933
678,YUV,False,"(16, 16)",False,16,True,9,8,2,1,nb,0.21,0.8801
679,YUV,False,"(16, 16)",False,16,True,9,8,2,1,SVC_10_rbf,74.91,0.9702
680,YUV,False,"(16, 16)",False,16,True,9,8,2,1,SVC_1_rbf,67.36,0.9671
681,YUV,False,"(16, 16)",False,16,True,9,8,2,1,SVC_10_linear,90.63,0.9276
682,YUV,False,"(16, 16)",False,16,True,9,8,2,1,SVC_1_linear,92.7,0.9316
683,YUV,False,"(16, 16)",False,16,True,9,8,2,1,dt,27.79,0.8727
684,YUV,False,"(16, 16)",False,16,True,9,8,2,2,nb,0.21,0.8685
685,YUV,False,"(16, 16)",False,16,True,9,8,2,2,SVC_10_rbf,182.39,0.9578
686,YUV,False,"(16, 16)",False,16,True,9,8,2,2,SVC_1_rbf,82.12,0.953
687,YUV,False,"(16, 16)",False,16,True,9,8,2,2,SVC_10_linear,2189.27,0.8902
688,YUV,False,"(16, 16)",False,16,True,9,8,2,2,SVC_1_linear,358.49,0.902
689,YUV,False,"(16, 16)",False,16,True,9,8,2,2,dt,32.12,0.8198
690,YUV,False,"(16, 16)",False,16,True,9,8,2,ALL,nb,0.73,0.9319
691,YUV,False,"(16, 16)",False,16,True,9,8,2,ALL,SVC_10_rbf,144.54,0.9958
692,YUV,False,"(16, 16)",False,16,True,9,8,2,ALL,SVC_1_rbf,142.44,0.9961
693,YUV,False,"(16, 16)",False,16,True,9,8,2,ALL,SVC_10_linear,62.48,0.9879
694,YUV,False,"(16, 16)",False,16,True,9,8,2,ALL,SVC_1_linear,62.44,0.9879
695,YUV,False,"(16, 16)",False,16,True,9,8,2,ALL,dt,199.8,0.9364
696,YUV,False,"(16, 16)",False,16,True,9,16,2,0,nb,0.04,0.8975
697,YUV,False,"(16, 16)",False,16,True,9,16,2,0,SVC_10_rbf,7.82,0.9961
698,YUV,False,"(16, 16)",False,16,True,9,16,2,0,SVC_1_rbf,8.04,0.9941
699,YUV,False,"(16, 16)",False,16,True,9,16,2,0,SVC_10_linear,283.07,0.9679
700,YUV,False,"(16, 16)",False,16,True,9,16,2,0,SVC_1_linear,34.94,0.9688
701,YUV,False,"(16, 16)",False,16,True,9,16,2,0,dt,5.53,0.9155
702,YUV,False,"(16, 16)",False,16,True,9,16,2,1,nb,0.04,0.8823
703,YUV,False,"(16, 16)",False,16,True,9,16,2,1,SVC_10_rbf,11.13,0.9744
704,YUV,False,"(16, 16)",False,16,True,9,16,2,1,SVC_1_rbf,10.5,0.9713
705,YUV,False,"(16, 16)",False,16,True,9,16,2,1,SVC_10_linear,440.38,0.9535
706,YUV,False,"(16, 16)",False,16,True,9,16,2,1,SVC_1_linear,58.46,0.9516
707,YUV,False,"(16, 16)",False,16,True,9,16,2,1,dt,4.52,0.9071
708,YUV,False,"(16, 16)",False,16,True,9,16,2,2,nb,0.04,0.875
709,YUV,False,"(16, 16)",False,16,True,9,16,2,2,SVC_10_rbf,15.14,0.9603
710,YUV,False,"(16, 16)",False,16,True,9,16,2,2,SVC_1_rbf,14.21,0.953
711,YUV,False,"(16, 16)",False,16,True,9,16,2,2,SVC_10_linear,1139.03,0.9178
712,YUV,False,"(16, 16)",False,16,True,9,16,2,2,SVC_1_linear,141.29,0.9155
713,YUV,False,"(16, 16)",False,16,True,9,16,2,2,dt,6.05,0.8511
714,YUV,False,"(16, 16)",False,16,True,9,16,2,ALL,nb,0.12,0.9479
715,YUV,False,"(16, 16)",False,16,True,9,16,2,ALL,SVC_10_rbf,17.88,0.9947
716,YUV,False,"(16, 16)",False,16,True,9,16,2,ALL,SVC_1_rbf,18.19,0.9944
717,YUV,False,"(16, 16)",False,16,True,9,16,2,ALL,SVC_10_linear,7.71,0.9825
718,YUV,False,"(16, 16)",False,16,True,9,16,2,ALL,SVC_1_linear,7.71,0.9825
719,YUV,False,"(16, 16)",False,16,True,9,16,2,ALL,dt,26.4,0.949
720,YUV,False,"(16, 16)",True,16,False,9,8,2,0,nb,0.01,0.8381
721,YUV,False,"(16, 16)",True,16,False,9,8,2,0,SVC_10_rbf,2.03,0.9738
722,YUV,False,"(16, 16)",True,16,False,9,8,2,0,SVC_1_rbf,2.52,0.964
723,YUV,False,"(16, 16)",True,16,False,9,8,2,0,SVC_10_linear,17.3,0.8941
724,YUV,False,"(16, 16)",True,16,False,9,8,2,0,SVC_1_linear,6.13,0.8947
725,YUV,False,"(16, 16)",True,16,False,9,8,2,0,dt,0.13,0.973
726,YUV,False,"(16, 16)",True,16,False,9,8,2,1,nb,0.01,0.839
727,YUV,False,"(16, 16)",True,16,False,9,8,2,1,SVC_10_rbf,1.67,0.9747
728,YUV,False,"(16, 16)",True,16,False,9,8,2,1,SVC_1_rbf,2.23,0.9637
729,YUV,False,"(16, 16)",True,16,False,9,8,2,1,SVC_10_linear,17.31,0.8964
730,YUV,False,"(16, 16)",True,16,False,9,8,2,1,SVC_1_linear,5.95,0.8956
731,YUV,False,"(16, 16)",True,16,False,9,8,2,1,dt,0.23,0.9688
732,YUV,False,"(16, 16)",True,16,False,9,8,2,2,nb,0.01,0.8404
733,YUV,False,"(16, 16)",True,16,False,9,8,2,2,SVC_10_rbf,1.67,0.9772
734,YUV,False,"(16, 16)",True,16,False,9,8,2,2,SVC_1_rbf,2.23,0.9659
735,YUV,False,"(16, 16)",True,16,False,9,8,2,2,SVC_10_linear,18.05,0.8953
736,YUV,False,"(16, 16)",True,16,False,9,8,2,2,SVC_1_linear,5.06,0.8939
737,YUV,False,"(16, 16)",True,16,False,9,8,2,2,dt,0.16,0.9744
738,YUV,False,"(16, 16)",True,16,False,9,8,2,ALL,nb,0.01,0.8398
739,YUV,False,"(16, 16)",True,16,False,9,8,2,ALL,SVC_10_rbf,1.58,0.9744
740,YUV,False,"(16, 16)",True,16,False,9,8,2,ALL,SVC_1_rbf,2.21,0.9609
741,YUV,False,"(16, 16)",True,16,False,9,8,2,ALL,SVC_10_linear,17.83,0.8978
742,YUV,False,"(16, 16)",True,16,False,9,8,2,ALL,SVC_1_linear,5.29,0.8941
743,YUV,False,"(16, 16)",True,16,False,9,8,2,ALL,dt,0.18,0.9721
744,YUV,False,"(16, 16)",True,16,False,9,16,2,0,nb,0.01,0.8471
745,YUV,False,"(16, 16)",True,16,False,9,16,2,0,SVC_10_rbf,1.62,0.9761
746,YUV,False,"(16, 16)",True,16,False,9,16,2,0,SVC_1_rbf,2.24,0.9634
747,YUV,False,"(16, 16)",True,16,False,9,16,2,0,SVC_10_linear,18.02,0.8908
748,YUV,False,"(16, 16)",True,16,False,9,16,2,0,SVC_1_linear,5.08,0.8908
749,YUV,False,"(16, 16)",True,16,False,9,16,2,0,dt,0.18,0.9699
750,YUV,False,"(16, 16)",True,16,False,9,16,2,1,nb,0.01,0.8384
751,YUV,False,"(16, 16)",True,16,False,9,16,2,1,SVC_10_rbf,1.6,0.9733
752,YUV,False,"(16, 16)",True,16,False,9,16,2,1,SVC_1_rbf,2.24,0.9634
753,YUV,False,"(16, 16)",True,16,False,9,16,2,1,SVC_10_linear,17.58,0.8981
754,YUV,False,"(16, 16)",True,16,False,9,16,2,1,SVC_1_linear,5.68,0.8961
755,YUV,False,"(16, 16)",True,16,False,9,16,2,1,dt,0.21,0.9738
756,YUV,False,"(16, 16)",True,16,False,9,16,2,2,nb,0.01,0.8376
757,YUV,False,"(16, 16)",True,16,False,9,16,2,2,SVC_10_rbf,1.62,0.9772
758,YUV,False,"(16, 16)",True,16,False,9,16,2,2,SVC_1_rbf,2.24,0.9668
759,YUV,False,"(16, 16)",True,16,False,9,16,2,2,SVC_10_linear,18.01,0.8998
760,YUV,False,"(16, 16)",True,16,False,9,16,2,2,SVC_1_linear,5.02,0.8972
761,YUV,False,"(16, 16)",True,16,False,9,16,2,2,dt,0.17,0.978
762,YUV,False,"(16, 16)",True,16,False,9,16,2,ALL,nb,0.01,0.8294
763,YUV,False,"(16, 16)",True,16,False,9,16,2,ALL,SVC_10_rbf,2.09,0.9758
764,YUV,False,"(16, 16)",True,16,False,9,16,2,ALL,SVC_1_rbf,2.25,0.9642
765,YUV,False,"(16, 16)",True,16,False,9,16,2,ALL,SVC_10_linear,18.16,0.8905
766,YUV,False,"(16, 16)",True,16,False,9,16,2,ALL,SVC_1_linear,5.14,0.891
767,YUV,False,"(16, 16)",True,16,False,9,16,2,ALL,dt,0.12,0.9704
768,YUV,False,"(16, 16)",True,16,True,9,8,2,0,nb,0.24,0.9369
769,YUV,False,"(16, 16)",True,16,True,9,8,2,0,SVC_10_rbf,56.37,0.9927
770,YUV,False,"(16, 16)",True,16,True,9,8,2,0,SVC_1_rbf,55.56,0.9938
771,YUV,False,"(16, 16)",True,16,True,9,8,2,0,SVC_10_linear,24.68,0.9704
772,YUV,False,"(16, 16)",True,16,True,9,8,2,0,SVC_1_linear,24.61,0.9704
773,YUV,False,"(16, 16)",True,16,True,9,8,2,0,dt,41.65,0.9659
774,YUV,False,"(16, 16)",True,16,True,9,8,2,1,nb,0.22,0.9017
775,YUV,False,"(16, 16)",True,16,True,9,8,2,1,SVC_10_rbf,67.36,0.9797
776,YUV,False,"(16, 16)",True,16,True,9,8,2,1,SVC_1_rbf,64.47,0.9789
777,YUV,False,"(16, 16)",True,16,True,9,8,2,1,SVC_10_linear,38.9,0.9519
778,YUV,False,"(16, 16)",True,16,True,9,8,2,1,SVC_1_linear,38.67,0.9519
779,YUV,False,"(16, 16)",True,16,True,9,8,2,1,dt,27.32,0.9561
780,YUV,False,"(16, 16)",True,16,True,9,8,2,2,nb,0.24,0.8868
781,YUV,False,"(16, 16)",True,16,True,9,8,2,2,SVC_10_rbf,119.16,0.9721
782,YUV,False,"(16, 16)",True,16,True,9,8,2,2,SVC_1_rbf,76.95,0.9673
783,YUV,False,"(16, 16)",True,16,True,9,8,2,2,SVC_10_linear,86.52,0.9296
784,YUV,False,"(16, 16)",True,16,True,9,8,2,2,SVC_1_linear,87.57,0.9313
785,YUV,False,"(16, 16)",True,16,True,9,8,2,2,dt,31.19,0.9555
786,YUV,False,"(16, 16)",True,16,True,9,8,2,ALL,nb,1.2,0.9409
787,YUV,False,"(16, 16)",True,16,True,9,8,2,ALL,SVC_10_rbf,141.99,0.9955
788,YUV,False,"(16, 16)",True,16,True,9,8,2,ALL,SVC_1_rbf,138.58,0.9949
789,YUV,False,"(16, 16)",True,16,True,9,8,2,ALL,SVC_10_linear,58.2,0.993
790,YUV,False,"(16, 16)",True,16,True,9,8,2,ALL,SVC_1_linear,58.14,0.993
791,YUV,False,"(16, 16)",True,16,True,9,8,2,ALL,dt,123.79,0.9572
792,YUV,False,"(16, 16)",True,16,True,9,16,2,0,nb,0.05,0.8685
793,YUV,False,"(16, 16)",True,16,True,9,16,2,0,SVC_10_rbf,7.83,0.9977
794,YUV,False,"(16, 16)",True,16,True,9,16,2,0,SVC_1_rbf,8.15,0.9975
795,YUV,False,"(16, 16)",True,16,True,9,16,2,0,SVC_10_linear,24.71,0.9862
796,YUV,False,"(16, 16)",True,16,True,9,16,2,0,SVC_1_linear,9.56,0.9885
797,YUV,False,"(16, 16)",True,16,True,9,16,2,0,dt,6.27,0.9721
798,YUV,False,"(16, 16)",True,16,True,9,16,2,1,nb,0.05,0.8939
799,YUV,False,"(16, 16)",True,16,True,9,16,2,1,SVC_10_rbf,9.82,0.9865
800,YUV,False,"(16, 16)",True,16,True,9,16,2,1,SVC_1_rbf,10.13,0.9825
801,YUV,False,"(16, 16)",True,16,True,9,16,2,1,SVC_10_linear,122.02,0.971
802,YUV,False,"(16, 16)",True,16,True,9,16,2,1,SVC_1_linear,22.06,0.973
803,YUV,False,"(16, 16)",True,16,True,9,16,2,1,dt,4.88,0.9606
804,YUV,False,"(16, 16)",True,16,True,9,16,2,2,nb,0.05,0.8542
805,YUV,False,"(16, 16)",True,16,True,9,16,2,2,SVC_10_rbf,12.77,0.9792
806,YUV,False,"(16, 16)",True,16,True,9,16,2,2,SVC_1_rbf,12.92,0.973
807,YUV,False,"(16, 16)",True,16,True,9,16,2,2,SVC_10_linear,231.71,0.9519
808,YUV,False,"(16, 16)",True,16,True,9,16,2,2,SVC_1_linear,44.84,0.9527
809,YUV,False,"(16, 16)",True,16,True,9,16,2,2,dt,4.18,0.9637
810,YUV,False,"(16, 16)",True,16,True,9,16,2,ALL,nb,0.12,0.9392
811,YUV,False,"(16, 16)",True,16,True,9,16,2,ALL,SVC_10_rbf,18.99,0.9989
812,YUV,False,"(16, 16)",True,16,True,9,16,2,ALL,SVC_1_rbf,19.15,0.9986
813,YUV,False,"(16, 16)",True,16,True,9,16,2,ALL,SVC_10_linear,6.58,0.991
814,YUV,False,"(16, 16)",True,16,True,9,16,2,ALL,SVC_1_linear,6.59,0.991
815,YUV,False,"(16, 16)",True,16,True,9,16,2,ALL,dt,17.81,0.9721
816,YUV,True,"(16, 16)",False,16,False,9,8,2,0,nb,0.09,0.8322
817,YUV,True,"(16, 16)",False,16,False,9,8,2,0,SVC_10_rbf,19.1,0.9873
818,YUV,True,"(16, 16)",False,16,False,9,8,2,0,SVC_1_rbf,26.64,0.9828
819,YUV,True,"(16, 16)",False,16,False,9,8,2,0,SVC_10_linear,1418.63,0.9307
820,YUV,True,"(16, 16)",False,16,False,9,8,2,0,SVC_1_linear,129.52,0.931
821,YUV,True,"(16, 16)",False,16,False,9,8,2,0,dt,6.29,0.9262
822,YUV,True,"(16, 16)",False,16,False,9,8,2,1,nb,0.09,0.826
823,YUV,True,"(16, 16)",False,16,False,9,8,2,1,SVC_10_rbf,18.87,0.9856
824,YUV,True,"(16, 16)",False,16,False,9,8,2,1,SVC_1_rbf,26.04,0.9823
825,YUV,True,"(16, 16)",False,16,False,9,8,2,1,SVC_10_linear,1155.72,0.931
826,YUV,True,"(16, 16)",False,16,False,9,8,2,1,SVC_1_linear,132.93,0.9316
827,YUV,True,"(16, 16)",False,16,False,9,8,2,1,dt,6.79,0.9251
828,YUV,True,"(16, 16)",False,16,False,9,8,2,2,nb,0.09,0.8497
829,YUV,True,"(16, 16)",False,16,False,9,8,2,2,SVC_10_rbf,18.78,0.9854
830,YUV,True,"(16, 16)",False,16,False,9,8,2,2,SVC_1_rbf,26.06,0.9806
831,YUV,True,"(16, 16)",False,16,False,9,8,2,2,SVC_10_linear,1257.81,0.9257
832,YUV,True,"(16, 16)",False,16,False,9,8,2,2,SVC_1_linear,155.43,0.926
833,YUV,True,"(16, 16)",False,16,False,9,8,2,2,dt,6.49,0.9158
834,YUV,True,"(16, 16)",False,16,False,9,8,2,ALL,nb,0.09,0.8395
835,YUV,True,"(16, 16)",False,16,False,9,8,2,ALL,SVC_10_rbf,19.24,0.9862
836,YUV,True,"(16, 16)",False,16,False,9,8,2,ALL,SVC_1_rbf,26.41,0.9823
837,YUV,True,"(16, 16)",False,16,False,9,8,2,ALL,SVC_10_linear,1131.49,0.9293
838,YUV,True,"(16, 16)",False,16,False,9,8,2,ALL,SVC_1_linear,132.34,0.9299
839,YUV,True,"(16, 16)",False,16,False,9,8,2,ALL,dt,6.69,0.9313
840,YUV,True,"(16, 16)",False,16,False,9,16,2,0,nb,0.09,0.826
841,YUV,True,"(16, 16)",False,16,False,9,16,2,0,SVC_10_rbf,18.56,0.9856
842,YUV,True,"(16, 16)",False,16,False,9,16,2,0,SVC_1_rbf,26.05,0.9823
843,YUV,True,"(16, 16)",False,16,False,9,16,2,0,SVC_10_linear,1156.6,0.931
844,YUV,True,"(16, 16)",False,16,False,9,16,2,0,SVC_1_linear,135.87,0.9316
845,YUV,True,"(16, 16)",False,16,False,9,16,2,0,dt,6.14,0.9282
846,YUV,True,"(16, 16)",False,16,False,9,16,2,1,nb,0.09,0.8263
847,YUV,True,"(16, 16)",False,16,False,9,16,2,1,SVC_10_rbf,19.28,0.9887
848,YUV,True,"(16, 16)",False,16,False,9,16,2,1,SVC_1_rbf,26.08,0.9868
849,YUV,True,"(16, 16)",False,16,False,9,16,2,1,SVC_10_linear,1386.64,0.9313
850,YUV,True,"(16, 16)",False,16,False,9,16,2,1,SVC_1_linear,145.76,0.9319
851,YUV,True,"(16, 16)",False,16,False,9,16,2,1,dt,7.98,0.9229
852,YUV,True,"(16, 16)",False,16,False,9,16,2,2,nb,0.09,0.8373
853,YUV,True,"(16, 16)",False,16,False,9,16,2,2,SVC_10_rbf,18.71,0.9901
854,YUV,True,"(16, 16)",False,16,False,9,16,2,2,SVC_1_rbf,26.64,0.9854
855,YUV,True,"(16, 16)",False,16,False,9,16,2,2,SVC_10_linear,1441.44,0.9203
856,YUV,True,"(16, 16)",False,16,False,9,16,2,2,SVC_1_linear,139.76,0.9195
857,YUV,True,"(16, 16)",False,16,False,9,16,2,2,dt,6.38,0.9313
858,YUV,True,"(16, 16)",False,16,False,9,16,2,ALL,nb,0.09,0.826
859,YUV,True,"(16, 16)",False,16,False,9,16,2,ALL,SVC_10_rbf,18.65,0.9856
860,YUV,True,"(16, 16)",False,16,False,9,16,2,ALL,SVC_1_rbf,26.16,0.9823
861,YUV,True,"(16, 16)",False,16,False,9,16,2,ALL,SVC_10_linear,1151.33,0.931
862,YUV,True,"(16, 16)",False,16,False,9,16,2,ALL,SVC_1_linear,131.57,0.9316
863,YUV,True,"(16, 16)",False,16,False,9,16,2,ALL,dt,6.36,0.9257
864,YUV,True,"(16, 16)",False,16,True,9,8,2,0,nb,0.81,0.9124
865,YUV,True,"(16, 16)",False,16,True,9,8,2,0,SVC_10_rbf,73.91,0.9935
866,YUV,True,"(16, 16)",False,16,True,9,8,2,0,SVC_1_rbf,73.83,0.993
867,YUV,True,"(16, 16)",False,16,True,9,8,2,0,SVC_10_linear,32.99,0.9764
868,YUV,True,"(16, 16)",False,16,True,9,8,2,0,SVC_1_linear,32.91,0.9764
869,YUV,True,"(16, 16)",False,16,True,9,8,2,0,dt,46.29,0.9322
870,YUV,True,"(16, 16)",False,16,True,9,8,2,1,nb,0.45,0.906
871,YUV,True,"(16, 16)",False,16,True,9,8,2,1,SVC_10_rbf,79.46,0.9882
872,YUV,True,"(16, 16)",False,16,True,9,8,2,1,SVC_1_rbf,80.28,0.9859
873,YUV,True,"(16, 16)",False,16,True,9,8,2,1,SVC_10_linear,44.0,0.9657
874,YUV,True,"(16, 16)",False,16,True,9,8,2,1,SVC_1_linear,44.0,0.9657
875,YUV,True,"(16, 16)",False,16,True,9,8,2,1,dt,27.86,0.9395
876,YUV,True,"(16, 16)",False,16,True,9,8,2,2,nb,0.97,0.8927
877,YUV,True,"(16, 16)",False,16,True,9,8,2,2,SVC_10_rbf,94.72,0.9876
878,YUV,True,"(16, 16)",False,16,True,9,8,2,2,SVC_1_rbf,93.1,0.984
879,YUV,True,"(16, 16)",False,16,True,9,8,2,2,SVC_10_linear,55.08,0.9474
880,YUV,True,"(16, 16)",False,16,True,9,8,2,2,SVC_1_linear,54.96,0.9474
881,YUV,True,"(16, 16)",False,16,True,9,8,2,2,dt,43.76,0.9209
882,YUV,True,"(16, 16)",False,16,True,9,8,2,ALL,nb,0.88,0.9496
883,YUV,True,"(16, 16)",False,16,True,9,8,2,ALL,SVC_10_rbf,153.09,0.9969
884,YUV,True,"(16, 16)",False,16,True,9,8,2,ALL,SVC_1_rbf,149.93,0.9963
885,YUV,True,"(16, 16)",False,16,True,9,8,2,ALL,SVC_10_linear,60.81,0.9924
886,YUV,True,"(16, 16)",False,16,True,9,8,2,ALL,SVC_1_linear,60.81,0.9924
887,YUV,True,"(16, 16)",False,16,True,9,8,2,ALL,dt,106.1,0.9451
888,YUV,True,"(16, 16)",False,16,True,9,16,2,0,nb,0.13,0.9186
889,YUV,True,"(16, 16)",False,16,True,9,16,2,0,SVC_10_rbf,26.53,0.9955
890,YUV,True,"(16, 16)",False,16,True,9,16,2,0,SVC_1_rbf,27.9,0.9949
891,YUV,True,"(16, 16)",False,16,True,9,16,2,0,SVC_10_linear,14.39,0.9744
892,YUV,True,"(16, 16)",False,16,True,9,16,2,0,SVC_1_linear,14.62,0.9744
893,YUV,True,"(16, 16)",False,16,True,9,16,2,0,dt,14.61,0.9409
894,YUV,True,"(16, 16)",False,16,True,9,16,2,1,nb,0.13,0.9096
895,YUV,True,"(16, 16)",False,16,True,9,16,2,1,SVC_10_rbf,24.53,0.9944
896,YUV,True,"(16, 16)",False,16,True,9,16,2,1,SVC_1_rbf,28.33,0.9918
897,YUV,True,"(16, 16)",False,16,True,9,16,2,1,SVC_10_linear,21.06,0.9583
898,YUV,True,"(16, 16)",False,16,True,9,16,2,1,SVC_1_linear,21.56,0.9603
899,YUV,True,"(16, 16)",False,16,True,9,16,2,1,dt,10.93,0.9519
900,YUV,True,"(16, 16)",False,16,True,9,16,2,2,nb,0.13,0.8834
901,YUV,True,"(16, 16)",False,16,True,9,16,2,2,SVC_10_rbf,27.93,0.9932
902,YUV,True,"(16, 16)",False,16,True,9,16,2,2,SVC_1_rbf,32.61,0.9924
903,YUV,True,"(16, 16)",False,16,True,9,16,2,2,SVC_10_linear,38.1,0.955
904,YUV,True,"(16, 16)",False,16,True,9,16,2,2,SVC_1_linear,32.9,0.9533
905,YUV,True,"(16, 16)",False,16,True,9,16,2,2,dt,13.58,0.9274
906,YUV,True,"(16, 16)",False,16,True,9,16,2,ALL,nb,0.21,0.9505
907,YUV,True,"(16, 16)",False,16,True,9,16,2,ALL,SVC_10_rbf,35.94,0.9992
908,YUV,True,"(16, 16)",False,16,True,9,16,2,ALL,SVC_1_rbf,35.36,0.9977
909,YUV,True,"(16, 16)",False,16,True,9,16,2,ALL,SVC_10_linear,13.19,0.9901
910,YUV,True,"(16, 16)",False,16,True,9,16,2,ALL,SVC_1_linear,13.01,0.9901
911,YUV,True,"(16, 16)",False,16,True,9,16,2,ALL,dt,36.21,0.9623
912,YUV,True,"(16, 16)",True,16,False,9,8,2,0,nb,0.1,0.8499
913,YUV,True,"(16, 16)",True,16,False,9,8,2,0,SVC_10_rbf,20.51,0.9882
914,YUV,True,"(16, 16)",True,16,False,9,8,2,0,SVC_1_rbf,27.14,0.9851
915,YUV,True,"(16, 16)",True,16,False,9,8,2,0,SVC_10_linear,139.56,0.9547
916,YUV,True,"(16, 16)",True,16,False,9,8,2,0,SVC_1_linear,45.07,0.9592
917,YUV,True,"(16, 16)",True,16,False,9,8,2,0,dt,8.23,0.9626
918,YUV,True,"(16, 16)",True,16,False,9,8,2,1,nb,0.1,0.8449
919,YUV,True,"(16, 16)",True,16,False,9,8,2,1,SVC_10_rbf,20.67,0.987
920,YUV,True,"(16, 16)",True,16,False,9,8,2,1,SVC_1_rbf,27.52,0.9828
921,YUV,True,"(16, 16)",True,16,False,9,8,2,1,SVC_10_linear,163.41,0.9493
922,YUV,True,"(16, 16)",True,16,False,9,8,2,1,SVC_1_linear,42.01,0.9488
923,YUV,True,"(16, 16)",True,16,False,9,8,2,1,dt,7.36,0.9634
924,YUV,True,"(16, 16)",True,16,False,9,8,2,2,nb,0.1,0.8468
925,YUV,True,"(16, 16)",True,16,False,9,8,2,2,SVC_10_rbf,21.2,0.9893
926,YUV,True,"(16, 16)",True,16,False,9,8,2,2,SVC_1_rbf,27.78,0.9831
927,YUV,True,"(16, 16)",True,16,False,9,8,2,2,SVC_10_linear,196.7,0.9586
928,YUV,True,"(16, 16)",True,16,False,9,8,2,2,SVC_1_linear,41.61,0.962
929,YUV,True,"(16, 16)",True,16,False,9,8,2,2,dt,7.42,0.9651
930,YUV,True,"(16, 16)",True,16,False,9,8,2,ALL,nb,0.1,0.8401
931,YUV,True,"(16, 16)",True,16,False,9,8,2,ALL,SVC_10_rbf,21.38,0.9907
932,YUV,True,"(16, 16)",True,16,False,9,8,2,ALL,SVC_1_rbf,27.6,0.9862
933,YUV,True,"(16, 16)",True,16,False,9,8,2,ALL,SVC_10_linear,210.46,0.955
934,YUV,True,"(16, 16)",True,16,False,9,8,2,ALL,SVC_1_linear,53.18,0.9544
935,YUV,True,"(16, 16)",True,16,False,9,8,2,ALL,dt,7.94,0.9637
936,YUV,True,"(16, 16)",True,16,False,9,16,2,0,nb,0.1,0.8407
937,YUV,True,"(16, 16)",True,16,False,9,16,2,0,SVC_10_rbf,21.11,0.9887
938,YUV,True,"(16, 16)",True,16,False,9,16,2,0,SVC_1_rbf,27.43,0.9856
939,YUV,True,"(16, 16)",True,16,False,9,16,2,0,SVC_10_linear,172.85,0.9626
940,YUV,True,"(16, 16)",True,16,False,9,16,2,0,SVC_1_linear,40.65,0.9628
941,YUV,True,"(16, 16)",True,16,False,9,16,2,0,dt,6.82,0.964
942,YUV,True,"(16, 16)",True,16,False,9,16,2,1,nb,0.1,0.8412
943,YUV,True,"(16, 16)",True,16,False,9,16,2,1,SVC_10_rbf,21.06,0.9879
944,YUV,True,"(16, 16)",True,16,False,9,16,2,1,SVC_1_rbf,27.31,0.9845
945,YUV,True,"(16, 16)",True,16,False,9,16,2,1,SVC_10_linear,229.03,0.9558
946,YUV,True,"(16, 16)",True,16,False,9,16,2,1,SVC_1_linear,44.28,0.9569
947,YUV,True,"(16, 16)",True,16,False,9,16,2,1,dt,6.26,0.9682
948,YUV,True,"(16, 16)",True,16,False,9,16,2,2,nb,0.1,0.8463
949,YUV,True,"(16, 16)",True,16,False,9,16,2,2,SVC_10_rbf,20.69,0.9873
950,YUV,True,"(16, 16)",True,16,False,9,16,2,2,SVC_1_rbf,27.45,0.9825
951,YUV,True,"(16, 16)",True,16,False,9,16,2,2,SVC_10_linear,224.77,0.9572
952,YUV,True,"(16, 16)",True,16,False,9,16,2,2,SVC_1_linear,39.4,0.9595
953,YUV,True,"(16, 16)",True,16,False,9,16,2,2,dt,6.92,0.9634
954,YUV,True,"(16, 16)",True,16,False,9,16,2,ALL,nb,0.1,0.8483
955,YUV,True,"(16, 16)",True,16,False,9,16,2,ALL,SVC_10_rbf,20.32,0.9865
956,YUV,True,"(16, 16)",True,16,False,9,16,2,ALL,SVC_1_rbf,27.1,0.9803
957,YUV,True,"(16, 16)",True,16,False,9,16,2,ALL,SVC_10_linear,155.91,0.9544
958,YUV,True,"(16, 16)",True,16,False,9,16,2,ALL,SVC_1_linear,42.83,0.9558
959,YUV,True,"(16, 16)",True,16,False,9,16,2,ALL,dt,6.7,0.9642
960,YUV,True,"(16, 16)",True,16,True,9,8,2,0,nb,0.35,0.9417
961,YUV,True,"(16, 16)",True,16,True,9,8,2,0,SVC_10_rbf,73.56,0.9961
962,YUV,True,"(16, 16)",True,16,True,9,8,2,0,SVC_1_rbf,73.3,0.9966
963,YUV,True,"(16, 16)",True,16,True,9,8,2,0,SVC_10_linear,29.18,0.9848
964,YUV,True,"(16, 16)",True,16,True,9,8,2,0,SVC_1_linear,29.22,0.9848
965,YUV,True,"(16, 16)",True,16,True,9,8,2,0,dt,51.19,0.9634
966,YUV,True,"(16, 16)",True,16,True,9,8,2,1,nb,0.36,0.9186
967,YUV,True,"(16, 16)",True,16,True,9,8,2,1,SVC_10_rbf,79.36,0.9887
968,YUV,True,"(16, 16)",True,16,True,9,8,2,1,SVC_1_rbf,80.17,0.9882
969,YUV,True,"(16, 16)",True,16,True,9,8,2,1,SVC_10_linear,36.89,0.9676
970,YUV,True,"(16, 16)",True,16,True,9,8,2,1,SVC_1_linear,37.2,0.9676
971,YUV,True,"(16, 16)",True,16,True,9,8,2,1,dt,35.16,0.9507
972,YUV,True,"(16, 16)",True,16,True,9,8,2,2,nb,0.36,0.9062
973,YUV,True,"(16, 16)",True,16,True,9,8,2,2,SVC_10_rbf,93.69,0.9887
974,YUV,True,"(16, 16)",True,16,True,9,8,2,2,SVC_1_rbf,93.32,0.9876
975,YUV,True,"(16, 16)",True,16,True,9,8,2,2,SVC_10_linear,46.87,0.9645
976,YUV,True,"(16, 16)",True,16,True,9,8,2,2,SVC_1_linear,46.76,0.9645
977,YUV,True,"(16, 16)",True,16,True,9,8,2,2,dt,31.49,0.9626
978,YUV,True,"(16, 16)",True,16,True,9,8,2,ALL,nb,0.84,0.9482
979,YUV,True,"(16, 16)",True,16,True,9,8,2,ALL,SVC_10_rbf,156.33,0.9969
980,YUV,True,"(16, 16)",True,16,True,9,8,2,ALL,SVC_1_rbf,153.04,0.9963
981,YUV,True,"(16, 16)",True,16,True,9,8,2,ALL,SVC_10_linear,60.51,0.9932
982,YUV,True,"(16, 16)",True,16,True,9,8,2,ALL,SVC_1_linear,60.77,0.9932
983,YUV,True,"(16, 16)",True,16,True,9,8,2,ALL,dt,136.06,0.9603
984,YUV,True,"(16, 16)",True,16,True,9,16,2,0,nb,0.14,0.8975
985,YUV,True,"(16, 16)",True,16,True,9,16,2,0,SVC_10_rbf,26.61,0.9975
986,YUV,True,"(16, 16)",True,16,True,9,16,2,0,SVC_1_rbf,28.51,0.9972
987,YUV,True,"(16, 16)",True,16,True,9,16,2,0,SVC_10_linear,10.55,0.9837
988,YUV,True,"(16, 16)",True,16,True,9,16,2,0,SVC_1_linear,10.55,0.9837
989,YUV,True,"(16, 16)",True,16,True,9,16,2,0,dt,13.41,0.9727
990,YUV,True,"(16, 16)",True,16,True,9,16,2,1,nb,0.14,0.9085
991,YUV,True,"(16, 16)",True,16,True,9,16,2,1,SVC_10_rbf,25.97,0.9927
992,YUV,True,"(16, 16)",True,16,True,9,16,2,1,SVC_1_rbf,29.2,0.9907
993,YUV,True,"(16, 16)",True,16,True,9,16,2,1,SVC_10_linear,15.64,0.9716
994,YUV,True,"(16, 16)",True,16,True,9,16,2,1,SVC_1_linear,15.67,0.9716
995,YUV,True,"(16, 16)",True,16,True,9,16,2,1,dt,10.96,0.9617
996,YUV,True,"(16, 16)",True,16,True,9,16,2,2,nb,0.14,0.8773
997,YUV,True,"(16, 16)",True,16,True,9,16,2,2,SVC_10_rbf,28.57,0.9941
998,YUV,True,"(16, 16)",True,16,True,9,16,2,2,SVC_1_rbf,32.88,0.9904
999,YUV,True,"(16, 16)",True,16,True,9,16,2,2,SVC_10_linear,19.82,0.9665
1000,YUV,True,"(16, 16)",True,16,True,9,16,2,2,SVC_1_linear,19.62,0.9665
1001,YUV,True,"(16, 16)",True,16,True,9,16,2,2,dt,13.27,0.9626
1002,YUV,True,"(16, 16)",True,16,True,9,16,2,ALL,nb,0.21,0.9369
1003,YUV,True,"(16, 16)",True,16,True,9,16,2,ALL,SVC_10_rbf,36.41,0.9983
1004,YUV,True,"(16, 16)",True,16,True,9,16,2,ALL,SVC_1_rbf,37.07,0.9986
1005,YUV,True,"(16, 16)",True,16,True,9,16,2,ALL,SVC_10_linear,12.01,0.9932
1006,YUV,True,"(16, 16)",True,16,True,9,16,2,ALL,SVC_1_linear,12.08,0.9932
1007,YUV,True,"(16, 16)",True,16,True,9,16,2,ALL,dt,24.79,0.9679
